--
-- PostgreSQL database dump
--

-- Dumped from database version 15.12 (Debian 15.12-1.pgdg120+1)
-- Dumped by pg_dump version 15.12 (Debian 15.12-1.pgdg120+1)

SET statement_timeout = 0;
SET lock_timeout = 0;
SET idle_in_transaction_session_timeout = 0;
SET client_encoding = 'UTF8';
SET standard_conforming_strings = on;
SELECT pg_catalog.set_config('search_path', '', false);
SET check_function_bodies = false;
SET xmloption = content;
SET client_min_messages = warning;
SET row_security = off;

--
-- Name: public; Type: SCHEMA; Schema: -; Owner: ombu
--

-- *not* creating schema, since initdb creates it


ALTER SCHEMA public OWNER TO ombu;

--
-- Name: SCHEMA public; Type: COMMENT; Schema: -; Owner: ombu
--

COMMENT ON SCHEMA public IS '';


SET default_tablespace = '';

SET default_table_access_method = heap;

--
-- Name: auth_group; Type: TABLE; Schema: public; Owner: ombu
--

CREATE TABLE public.auth_group (
    id integer NOT NULL,
    name character varying(150) NOT NULL
);


ALTER TABLE public.auth_group OWNER TO ombu;

--
-- Name: auth_group_id_seq; Type: SEQUENCE; Schema: public; Owner: ombu
--

ALTER TABLE public.auth_group ALTER COLUMN id ADD GENERATED BY DEFAULT AS IDENTITY (
    SEQUENCE NAME public.auth_group_id_seq
    START WITH 1
    INCREMENT BY 1
    NO MINVALUE
    NO MAXVALUE
    CACHE 1
);


--
-- Name: auth_group_permissions; Type: TABLE; Schema: public; Owner: ombu
--

CREATE TABLE public.auth_group_permissions (
    id bigint NOT NULL,
    group_id integer NOT NULL,
    permission_id integer NOT NULL
);


ALTER TABLE public.auth_group_permissions OWNER TO ombu;

--
-- Name: auth_group_permissions_id_seq; Type: SEQUENCE; Schema: public; Owner: ombu
--

ALTER TABLE public.auth_group_permissions ALTER COLUMN id ADD GENERATED BY DEFAULT AS IDENTITY (
    SEQUENCE NAME public.auth_group_permissions_id_seq
    START WITH 1
    INCREMENT BY 1
    NO MINVALUE
    NO MAXVALUE
    CACHE 1
);


--
-- Name: auth_permission; Type: TABLE; Schema: public; Owner: ombu
--

CREATE TABLE public.auth_permission (
    id integer NOT NULL,
    name character varying(255) NOT NULL,
    content_type_id integer NOT NULL,
    codename character varying(100) NOT NULL
);


ALTER TABLE public.auth_permission OWNER TO ombu;

--
-- Name: auth_permission_id_seq; Type: SEQUENCE; Schema: public; Owner: ombu
--

ALTER TABLE public.auth_permission ALTER COLUMN id ADD GENERATED BY DEFAULT AS IDENTITY (
    SEQUENCE NAME public.auth_permission_id_seq
    START WITH 1
    INCREMENT BY 1
    NO MINVALUE
    NO MAXVALUE
    CACHE 1
);


--
-- Name: django_admin_log; Type: TABLE; Schema: public; Owner: ombu
--

CREATE TABLE public.django_admin_log (
    id integer NOT NULL,
    action_time timestamp with time zone NOT NULL,
    object_id text,
    object_repr character varying(200) NOT NULL,
    action_flag smallint NOT NULL,
    change_message text NOT NULL,
    content_type_id integer,
    user_id bigint NOT NULL,
    CONSTRAINT django_admin_log_action_flag_check CHECK ((action_flag >= 0))
);


ALTER TABLE public.django_admin_log OWNER TO ombu;

--
-- Name: django_admin_log_id_seq; Type: SEQUENCE; Schema: public; Owner: ombu
--

ALTER TABLE public.django_admin_log ALTER COLUMN id ADD GENERATED BY DEFAULT AS IDENTITY (
    SEQUENCE NAME public.django_admin_log_id_seq
    START WITH 1
    INCREMENT BY 1
    NO MINVALUE
    NO MAXVALUE
    CACHE 1
);


--
-- Name: django_content_type; Type: TABLE; Schema: public; Owner: ombu
--

CREATE TABLE public.django_content_type (
    id integer NOT NULL,
    app_label character varying(100) NOT NULL,
    model character varying(100) NOT NULL
);


ALTER TABLE public.django_content_type OWNER TO ombu;

--
-- Name: django_content_type_id_seq; Type: SEQUENCE; Schema: public; Owner: ombu
--

ALTER TABLE public.django_content_type ALTER COLUMN id ADD GENERATED BY DEFAULT AS IDENTITY (
    SEQUENCE NAME public.django_content_type_id_seq
    START WITH 1
    INCREMENT BY 1
    NO MINVALUE
    NO MAXVALUE
    CACHE 1
);


--
-- Name: django_migrations; Type: TABLE; Schema: public; Owner: ombu
--

CREATE TABLE public.django_migrations (
    id bigint NOT NULL,
    app character varying(255) NOT NULL,
    name character varying(255) NOT NULL,
    applied timestamp with time zone NOT NULL
);


ALTER TABLE public.django_migrations OWNER TO ombu;

--
-- Name: django_migrations_id_seq; Type: SEQUENCE; Schema: public; Owner: ombu
--

ALTER TABLE public.django_migrations ALTER COLUMN id ADD GENERATED BY DEFAULT AS IDENTITY (
    SEQUENCE NAME public.django_migrations_id_seq
    START WITH 1
    INCREMENT BY 1
    NO MINVALUE
    NO MAXVALUE
    CACHE 1
);


--
-- Name: django_session; Type: TABLE; Schema: public; Owner: ombu
--

CREATE TABLE public.django_session (
    session_key character varying(40) NOT NULL,
    session_data text NOT NULL,
    expire_date timestamp with time zone NOT NULL
);


ALTER TABLE public.django_session OWNER TO ombu;

--
-- Name: inicio_actividadreciente; Type: TABLE; Schema: public; Owner: ombu
--

CREATE TABLE public.inicio_actividadreciente (
    id bigint NOT NULL,
    accion character varying(255) NOT NULL,
    fecha_hora timestamp with time zone NOT NULL,
    usuario_id bigint
);


ALTER TABLE public.inicio_actividadreciente OWNER TO ombu;

--
-- Name: inicio_actividadreciente_id_seq; Type: SEQUENCE; Schema: public; Owner: ombu
--

ALTER TABLE public.inicio_actividadreciente ALTER COLUMN id ADD GENERATED BY DEFAULT AS IDENTITY (
    SEQUENCE NAME public.inicio_actividadreciente_id_seq
    START WITH 1
    INCREMENT BY 1
    NO MINVALUE
    NO MAXVALUE
    CACHE 1
);


--
-- Name: inicio_configuraciongeneral; Type: TABLE; Schema: public; Owner: ombu
--

CREATE TABLE public.inicio_configuraciongeneral (
    id bigint NOT NULL,
    limite_mesas integer NOT NULL
);


ALTER TABLE public.inicio_configuraciongeneral OWNER TO ombu;

--
-- Name: inicio_configuraciongeneral_id_seq; Type: SEQUENCE; Schema: public; Owner: ombu
--

ALTER TABLE public.inicio_configuraciongeneral ALTER COLUMN id ADD GENERATED BY DEFAULT AS IDENTITY (
    SEQUENCE NAME public.inicio_configuraciongeneral_id_seq
    START WITH 1
    INCREMENT BY 1
    NO MINVALUE
    NO MAXVALUE
    CACHE 1
);


--
-- Name: inicio_galeriafoto; Type: TABLE; Schema: public; Owner: ombu
--

CREATE TABLE public.inicio_galeriafoto (
    id bigint NOT NULL,
    titulo character varying(100),
    imagen character varying(100) NOT NULL,
    descripcion text,
    fecha_subida timestamp with time zone NOT NULL,
    uso character varying(20) NOT NULL
);


ALTER TABLE public.inicio_galeriafoto OWNER TO ombu;

--
-- Name: inicio_galeriafoto_id_seq; Type: SEQUENCE; Schema: public; Owner: ombu
--

ALTER TABLE public.inicio_galeriafoto ALTER COLUMN id ADD GENERATED BY DEFAULT AS IDENTITY (
    SEQUENCE NAME public.inicio_galeriafoto_id_seq
    START WITH 1
    INCREMENT BY 1
    NO MINVALUE
    NO MAXVALUE
    CACHE 1
);


--
-- Name: inicio_mesa; Type: TABLE; Schema: public; Owner: ombu
--

CREATE TABLE public.inicio_mesa (
    id bigint NOT NULL,
    numero integer NOT NULL,
    capacidad integer NOT NULL,
    estado character varying(20) NOT NULL,
    is_active boolean NOT NULL
);


ALTER TABLE public.inicio_mesa OWNER TO ombu;

--
-- Name: inicio_mesa_id_seq; Type: SEQUENCE; Schema: public; Owner: ombu
--

ALTER TABLE public.inicio_mesa ALTER COLUMN id ADD GENERATED BY DEFAULT AS IDENTITY (
    SEQUENCE NAME public.inicio_mesa_id_seq
    START WITH 1
    INCREMENT BY 1
    NO MINVALUE
    NO MAXVALUE
    CACHE 1
);


--
-- Name: inicio_pedido; Type: TABLE; Schema: public; Owner: ombu
--

CREATE TABLE public.inicio_pedido (
    id bigint NOT NULL,
    fecha timestamp with time zone NOT NULL,
    total numeric(10,2) NOT NULL,
    medio_pago character varying(50) NOT NULL,
    mesa_id bigint NOT NULL,
    mesero_id bigint,
    estado character varying(20) NOT NULL
);


ALTER TABLE public.inicio_pedido OWNER TO ombu;

--
-- Name: inicio_pedido_id_seq; Type: SEQUENCE; Schema: public; Owner: ombu
--

ALTER TABLE public.inicio_pedido ALTER COLUMN id ADD GENERATED BY DEFAULT AS IDENTITY (
    SEQUENCE NAME public.inicio_pedido_id_seq
    START WITH 1
    INCREMENT BY 1
    NO MINVALUE
    NO MAXVALUE
    CACHE 1
);


--
-- Name: inicio_pedidodetalle; Type: TABLE; Schema: public; Owner: ombu
--

CREATE TABLE public.inicio_pedidodetalle (
    id bigint NOT NULL,
    cantidad integer NOT NULL,
    precio_unitario numeric(8,2) NOT NULL,
    pedido_id bigint NOT NULL,
    producto_id bigint NOT NULL,
    CONSTRAINT inicio_pedidodetalle_cantidad_check CHECK ((cantidad >= 0))
);


ALTER TABLE public.inicio_pedidodetalle OWNER TO ombu;

--
-- Name: inicio_pedidodetalle_id_seq; Type: SEQUENCE; Schema: public; Owner: ombu
--

ALTER TABLE public.inicio_pedidodetalle ALTER COLUMN id ADD GENERATED BY DEFAULT AS IDENTITY (
    SEQUENCE NAME public.inicio_pedidodetalle_id_seq
    START WITH 1
    INCREMENT BY 1
    NO MINVALUE
    NO MAXVALUE
    CACHE 1
);


--
-- Name: inicio_perfil; Type: TABLE; Schema: public; Owner: ombu
--

CREATE TABLE public.inicio_perfil (
    id bigint NOT NULL,
    avatar character varying(100),
    telefono character varying(20),
    user_id bigint NOT NULL
);


ALTER TABLE public.inicio_perfil OWNER TO ombu;

--
-- Name: inicio_perfil_id_seq; Type: SEQUENCE; Schema: public; Owner: ombu
--

ALTER TABLE public.inicio_perfil ALTER COLUMN id ADD GENERATED BY DEFAULT AS IDENTITY (
    SEQUENCE NAME public.inicio_perfil_id_seq
    START WITH 1
    INCREMENT BY 1
    NO MINVALUE
    NO MAXVALUE
    CACHE 1
);


--
-- Name: inicio_producto; Type: TABLE; Schema: public; Owner: ombu
--

CREATE TABLE public.inicio_producto (
    id bigint NOT NULL,
    descripcion text NOT NULL,
    precio numeric(8,2) NOT NULL,
    estado character varying(20) NOT NULL,
    titulo character varying(100) NOT NULL,
    foto character varying(100) NOT NULL,
    categoria character varying(50) NOT NULL,
    opciones text NOT NULL
);


ALTER TABLE public.inicio_producto OWNER TO ombu;

--
-- Name: inicio_producto_id_seq; Type: SEQUENCE; Schema: public; Owner: ombu
--

ALTER TABLE public.inicio_producto ALTER COLUMN id ADD GENERATED BY DEFAULT AS IDENTITY (
    SEQUENCE NAME public.inicio_producto_id_seq
    START WITH 1
    INCREMENT BY 1
    NO MINVALUE
    NO MAXVALUE
    CACHE 1
);


--
-- Name: inicio_usuario; Type: TABLE; Schema: public; Owner: ombu
--

CREATE TABLE public.inicio_usuario (
    id bigint NOT NULL,
    password character varying(128) NOT NULL,
    last_login timestamp with time zone,
    is_superuser boolean NOT NULL,
    is_staff boolean NOT NULL,
    email character varying(254) NOT NULL,
    username character varying(150) NOT NULL,
    first_name character varying(150) NOT NULL,
    last_name character varying(150) NOT NULL,
    rol character varying(20) NOT NULL,
    is_active boolean NOT NULL,
    date_joined timestamp with time zone NOT NULL,
    avatar character varying(100),
    telefono character varying(20)
);


ALTER TABLE public.inicio_usuario OWNER TO ombu;

--
-- Name: inicio_usuario_groups; Type: TABLE; Schema: public; Owner: ombu
--

CREATE TABLE public.inicio_usuario_groups (
    id bigint NOT NULL,
    usuario_id bigint NOT NULL,
    group_id integer NOT NULL
);


ALTER TABLE public.inicio_usuario_groups OWNER TO ombu;

--
-- Name: inicio_usuario_groups_id_seq; Type: SEQUENCE; Schema: public; Owner: ombu
--

ALTER TABLE public.inicio_usuario_groups ALTER COLUMN id ADD GENERATED BY DEFAULT AS IDENTITY (
    SEQUENCE NAME public.inicio_usuario_groups_id_seq
    START WITH 1
    INCREMENT BY 1
    NO MINVALUE
    NO MAXVALUE
    CACHE 1
);


--
-- Name: inicio_usuario_id_seq; Type: SEQUENCE; Schema: public; Owner: ombu
--

ALTER TABLE public.inicio_usuario ALTER COLUMN id ADD GENERATED BY DEFAULT AS IDENTITY (
    SEQUENCE NAME public.inicio_usuario_id_seq
    START WITH 1
    INCREMENT BY 1
    NO MINVALUE
    NO MAXVALUE
    CACHE 1
);


--
-- Name: inicio_usuario_user_permissions; Type: TABLE; Schema: public; Owner: ombu
--

CREATE TABLE public.inicio_usuario_user_permissions (
    id bigint NOT NULL,
    usuario_id bigint NOT NULL,
    permission_id integer NOT NULL
);


ALTER TABLE public.inicio_usuario_user_permissions OWNER TO ombu;

--
-- Name: inicio_usuario_user_permissions_id_seq; Type: SEQUENCE; Schema: public; Owner: ombu
--

ALTER TABLE public.inicio_usuario_user_permissions ALTER COLUMN id ADD GENERATED BY DEFAULT AS IDENTITY (
    SEQUENCE NAME public.inicio_usuario_user_permissions_id_seq
    START WITH 1
    INCREMENT BY 1
    NO MINVALUE
    NO MAXVALUE
    CACHE 1
);


--
-- Data for Name: auth_group; Type: TABLE DATA; Schema: public; Owner: ombu
--

COPY public.auth_group (id, name) FROM stdin;
\.


--
-- Data for Name: auth_group_permissions; Type: TABLE DATA; Schema: public; Owner: ombu
--

COPY public.auth_group_permissions (id, group_id, permission_id) FROM stdin;
\.


--
-- Data for Name: auth_permission; Type: TABLE DATA; Schema: public; Owner: ombu
--

COPY public.auth_permission (id, name, content_type_id, codename) FROM stdin;
1	Can add log entry	1	add_logentry
2	Can change log entry	1	change_logentry
3	Can delete log entry	1	delete_logentry
4	Can view log entry	1	view_logentry
5	Can add permission	2	add_permission
6	Can change permission	2	change_permission
7	Can delete permission	2	delete_permission
8	Can view permission	2	view_permission
9	Can add group	3	add_group
10	Can change group	3	change_group
11	Can delete group	3	delete_group
12	Can view group	3	view_group
13	Can add content type	4	add_contenttype
14	Can change content type	4	change_contenttype
15	Can delete content type	4	delete_contenttype
16	Can view content type	4	view_contenttype
17	Can add session	5	add_session
18	Can change session	5	change_session
19	Can delete session	5	delete_session
20	Can view session	5	view_session
21	Can add mesa	6	add_mesa
22	Can change mesa	6	change_mesa
23	Can delete mesa	6	delete_mesa
24	Can view mesa	6	view_mesa
25	Can add user	7	add_usuario
26	Can change user	7	change_usuario
27	Can delete user	7	delete_usuario
28	Can view user	7	view_usuario
29	Can add perfil	8	add_perfil
30	Can change perfil	8	change_perfil
31	Can delete perfil	8	delete_perfil
32	Can view perfil	8	view_perfil
33	Can add producto	9	add_producto
34	Can change producto	9	change_producto
35	Can delete producto	9	delete_producto
36	Can view producto	9	view_producto
37	Can add pedido	10	add_pedido
38	Can change pedido	10	change_pedido
39	Can delete pedido	10	delete_pedido
40	Can view pedido	10	view_pedido
41	Can add pedido detalle	11	add_pedidodetalle
42	Can change pedido detalle	11	change_pedidodetalle
43	Can delete pedido detalle	11	delete_pedidodetalle
44	Can view pedido detalle	11	view_pedidodetalle
45	Can add actividad reciente	12	add_actividadreciente
46	Can change actividad reciente	12	change_actividadreciente
47	Can delete actividad reciente	12	delete_actividadreciente
48	Can view actividad reciente	12	view_actividadreciente
49	Can add Foto de Galería	13	add_galeriafoto
50	Can change Foto de Galería	13	change_galeriafoto
51	Can delete Foto de Galería	13	delete_galeriafoto
52	Can view Foto de Galería	13	view_galeriafoto
53	Can add Configuración General	14	add_configuraciongeneral
54	Can change Configuración General	14	change_configuraciongeneral
55	Can delete Configuración General	14	delete_configuraciongeneral
56	Can view Configuración General	14	view_configuraciongeneral
\.


--
-- Data for Name: django_admin_log; Type: TABLE DATA; Schema: public; Owner: ombu
--

COPY public.django_admin_log (id, action_time, object_id, object_repr, action_flag, change_message, content_type_id, user_id) FROM stdin;
13	2025-06-05 13:06:16.858807+00	1	cualquiera	3		9	2
14	2025-06-05 13:07:16.26901+00	2	tasa para la cuchis	1	[{"added": {}}]	9	2
15	2025-06-05 13:07:46.018941+00	2	tasa para la cuchis	3		9	2
16	2025-06-05 13:19:05.812896+00	3	asdas	1	[{"added": {}}]	9	2
17	2025-06-05 13:36:20.938177+00	3	asdas	3		9	2
18	2025-06-05 13:49:46.311856+00	4	MESERO mesero (mesero)	1	[{"added": {}}]	7	2
\.


--
-- Data for Name: django_content_type; Type: TABLE DATA; Schema: public; Owner: ombu
--

COPY public.django_content_type (id, app_label, model) FROM stdin;
1	admin	logentry
2	auth	permission
3	auth	group
4	contenttypes	contenttype
5	sessions	session
6	inicio	mesa
7	inicio	usuario
8	inicio	perfil
9	inicio	producto
10	inicio	pedido
11	inicio	pedidodetalle
12	inicio	actividadreciente
13	inicio	galeriafoto
14	inicio	configuraciongeneral
\.


--
-- Data for Name: django_migrations; Type: TABLE DATA; Schema: public; Owner: ombu
--

COPY public.django_migrations (id, app, name, applied) FROM stdin;
1	contenttypes	0001_initial	2025-05-29 15:54:56.762722+00
2	contenttypes	0002_remove_content_type_name	2025-05-29 15:54:56.783677+00
3	auth	0001_initial	2025-05-29 15:54:56.914898+00
4	auth	0002_alter_permission_name_max_length	2025-05-29 15:54:56.925751+00
5	auth	0003_alter_user_email_max_length	2025-05-29 15:54:56.935992+00
6	auth	0004_alter_user_username_opts	2025-05-29 15:54:56.947711+00
7	auth	0005_alter_user_last_login_null	2025-05-29 15:54:56.958804+00
8	auth	0006_require_contenttypes_0002	2025-05-29 15:54:56.96662+00
9	auth	0007_alter_validators_add_error_messages	2025-05-29 15:54:56.977466+00
10	auth	0008_alter_user_username_max_length	2025-05-29 15:54:56.989427+00
11	auth	0009_alter_user_last_name_max_length	2025-05-29 15:54:57.000178+00
12	auth	0010_alter_group_name_max_length	2025-05-29 15:54:57.015766+00
13	auth	0011_update_proxy_permissions	2025-05-29 15:54:57.026586+00
14	auth	0012_alter_user_first_name_max_length	2025-05-29 15:54:57.038121+00
15	inicio	0001_initial	2025-05-29 15:54:57.366227+00
16	admin	0001_initial	2025-05-29 15:54:57.414869+00
17	admin	0002_logentry_remove_auto_add	2025-05-29 15:54:57.42573+00
18	admin	0003_logentry_add_action_flag_choices	2025-05-29 15:54:57.437698+00
19	inicio	0002_remove_producto_pedidos_and_more	2025-05-29 15:54:57.487085+00
20	inicio	0003_producto_foto_alter_producto_estado	2025-05-29 15:54:57.506255+00
21	inicio	0004_producto_categoria_alter_producto_estado_and_more	2025-05-29 15:54:57.534594+00
22	inicio	0005_producto_opciones	2025-05-29 15:54:57.549044+00
23	inicio	0006_alter_producto_opciones	2025-05-29 15:54:57.572025+00
24	inicio	0007_alter_producto_opciones	2025-05-29 15:54:57.596345+00
25	inicio	0008_alter_producto_categoria	2025-05-29 15:54:57.604351+00
26	inicio	0009_alter_producto_categoria	2025-05-29 15:54:57.611978+00
27	inicio	0010_alter_producto_categoria	2025-05-29 15:54:57.619432+00
28	inicio	0011_producto_modificado	2025-05-29 15:54:57.630446+00
29	inicio	0012_remove_producto_modificado_usuario_avatar_and_more	2025-05-29 15:54:57.702145+00
30	inicio	0013_alter_usuario_rol	2025-05-29 15:54:57.713296+00
31	inicio	0014_alter_producto_categoria	2025-05-29 15:54:57.72303+00
32	inicio	0015_alter_producto_categoria	2025-05-29 15:54:57.733173+00
33	inicio	0016_alter_producto_categoria	2025-05-29 15:54:57.742028+00
34	inicio	0017_alter_producto_categoria	2025-05-29 15:54:57.750534+00
35	inicio	0018_remove_pedidos_usuario_remove_pedidos_id_mesa_and_more	2025-05-29 15:54:57.861212+00
36	sessions	0001_initial	2025-05-29 15:54:57.900932+00
37	inicio	0014_actividadreciente	2025-06-01 22:40:52.591786+00
38	inicio	0018_merge_20250528_2008	2025-06-01 22:40:52.598182+00
39	inicio	0019_galeriafoto_alter_producto_categoria	2025-06-01 22:40:52.623603+00
40	inicio	0020_alter_galeriafoto_options_and_more	2025-06-01 22:40:52.641374+00
41	inicio	0021_merge_20250530_1339	2025-06-01 22:40:52.647007+00
42	inicio	0022_alter_mesa_options_alter_pedidodetalle_options_and_more	2025-06-01 22:40:52.719808+00
43	inicio	0023_configuraciongeneral	2025-06-01 22:40:52.732691+00
44	inicio	0024_alter_mesa_capacidad_alter_mesa_estado_and_more	2025-06-01 22:40:52.743315+00
45	inicio	0025_pedido_estado_pedido_fecha_finalizacion	2025-06-01 22:40:52.767372+00
46	inicio	0026_alter_pedido_options_and_more	2025-06-01 22:40:52.786887+00
\.


--
-- Data for Name: django_session; Type: TABLE DATA; Schema: public; Owner: ombu
--

COPY public.django_session (session_key, session_data, expire_date) FROM stdin;
susnt38hj468x8pjwc71zibt6quuqr96	.eJxVjDEOwjAMRe-SGUVNncoJIztnqBzboQWUSE07Ie4OlTrA-t97_2VG2tZp3Jou4yzmbHpz-t0S8UPLDuRO5VYt17Iuc7K7Yg_a7LWKPi-H-3cwUZu-tWcE6bMfhB1EdhGzJoSu46gD9-gRBYMn9JwAY9bMRDBADoACwZn3B-UCN-s:1uNAAT:l3hpwGOaClVsiAWvQd56eQ3wEVt8Inm6jUKgyg16q_c	2025-06-19 12:58:01.783689+00
is5743iywe9gyqaknczl00kp17he5qi9	.eJxVjDEOwjAMRe-SGUVNncoJIztnqBzboQWUSE07Ie4OlTrA-t97_2VG2tZp3Jou4yzmbHpz-t0S8UPLDuRO5VYt17Iuc7K7Yg_a7LWKPi-H-3cwUZu-tWcE6bMfhB1EdhGzJoSu46gD9-gRBYMn9JwAY9bMRDBADoACwZn3B-UCN-s:1uNB3A:7y5qSe34lW-qUyA4_Vz5fxmZXhyCxC8BmrsXwYYIXGU	2025-06-19 13:54:32.556175+00
\.


--
-- Data for Name: inicio_actividadreciente; Type: TABLE DATA; Schema: public; Owner: ombu
--

COPY public.inicio_actividadreciente (id, accion, fecha_hora, usuario_id) FROM stdin;
\.


--
-- Data for Name: inicio_configuraciongeneral; Type: TABLE DATA; Schema: public; Owner: ombu
--

COPY public.inicio_configuraciongeneral (id, limite_mesas) FROM stdin;
\.


--
-- Data for Name: inicio_galeriafoto; Type: TABLE DATA; Schema: public; Owner: ombu
--

COPY public.inicio_galeriafoto (id, titulo, imagen, descripcion, fecha_subida, uso) FROM stdin;
\.


--
-- Data for Name: inicio_mesa; Type: TABLE DATA; Schema: public; Owner: ombu
--

COPY public.inicio_mesa (id, numero, capacidad, estado, is_active) FROM stdin;
1	1	4	disponible	t
2	2	4	disponible	t
3	3	4	disponible	t
4	4	4	disponible	t
5	5	4	disponible	t
\.


--
-- Data for Name: inicio_pedido; Type: TABLE DATA; Schema: public; Owner: ombu
--

COPY public.inicio_pedido (id, fecha, total, medio_pago, mesa_id, mesero_id, estado) FROM stdin;
4	2025-05-30 15:47:39.826962+00	0.00	efectivo	1	\N	pendiente
9	2025-05-30 16:33:55.864349+00	0.00	efectivo	2	\N	pendiente
8	2025-05-30 16:32:09.403117+00	0.00	efectivo	2	\N	pendiente
10	2025-05-30 16:49:55.866188+00	0.00	efectivo	2	\N	pendiente
11	2025-05-30 16:58:10.730528+00	0.00	efectivo	2	\N	pendiente
\.


--
-- Data for Name: inicio_pedidodetalle; Type: TABLE DATA; Schema: public; Owner: ombu
--

COPY public.inicio_pedidodetalle (id, cantidad, precio_unitario, pedido_id, producto_id) FROM stdin;
\.


--
-- Data for Name: inicio_perfil; Type: TABLE DATA; Schema: public; Owner: ombu
--

COPY public.inicio_perfil (id, avatar, telefono, user_id) FROM stdin;
2	avatars/hogar.gif	\N	2
\.


--
-- Data for Name: inicio_producto; Type: TABLE DATA; Schema: public; Owner: ombu
--

COPY public.inicio_producto (id, descripcion, precio, estado, titulo, foto, categoria, opciones) FROM stdin;
3	asd	324.00	disponible	asdas	productos/hogar_qwhh4rl.png	Coctel	asd
\.


--
-- Data for Name: inicio_usuario; Type: TABLE DATA; Schema: public; Owner: ombu
--

COPY public.inicio_usuario (id, password, last_login, is_superuser, is_staff, email, username, first_name, last_name, rol, is_active, date_joined, avatar, telefono) FROM stdin;
4	pbkdf2_sha256$1000000$56AE3XhU0BRo5c2kGbXWvZ$7b1n9UGLeKjr9xqOTJ4Odoi22cqc4DMGqfbODado0oE=	2025-06-05 13:50:09.622231+00	f	f	sin_email@ejemplo.com	mesero	MESERO	mesero	mesero	t	2025-06-05 13:49:45.661969+00		\N
2	pbkdf2_sha256$1000000$Fdj9OFhhNGdbU2qwlrHcBJ$MJxAl1dUWKveLy7pqpsdij23n51eZ1wIdFd6DdZLlNw=	2025-06-05 13:54:32.546252+00	t	t	giuseppeesteban101@gmail.com	ombu	giuseppe	quintero	Administrador	t	2025-06-04 23:56:41.859378+00		\N
\.


--
-- Data for Name: inicio_usuario_groups; Type: TABLE DATA; Schema: public; Owner: ombu
--

COPY public.inicio_usuario_groups (id, usuario_id, group_id) FROM stdin;
\.


--
-- Data for Name: inicio_usuario_user_permissions; Type: TABLE DATA; Schema: public; Owner: ombu
--

COPY public.inicio_usuario_user_permissions (id, usuario_id, permission_id) FROM stdin;
\.


--
-- Name: auth_group_id_seq; Type: SEQUENCE SET; Schema: public; Owner: ombu
--

SELECT pg_catalog.setval('public.auth_group_id_seq', 1, false);


--
-- Name: auth_group_permissions_id_seq; Type: SEQUENCE SET; Schema: public; Owner: ombu
--

SELECT pg_catalog.setval('public.auth_group_permissions_id_seq', 1, false);


--
-- Name: auth_permission_id_seq; Type: SEQUENCE SET; Schema: public; Owner: ombu
--

SELECT pg_catalog.setval('public.auth_permission_id_seq', 56, true);


--
-- Name: django_admin_log_id_seq; Type: SEQUENCE SET; Schema: public; Owner: ombu
--

SELECT pg_catalog.setval('public.django_admin_log_id_seq', 18, true);


--
-- Name: django_content_type_id_seq; Type: SEQUENCE SET; Schema: public; Owner: ombu
--

SELECT pg_catalog.setval('public.django_content_type_id_seq', 14, true);


--
-- Name: django_migrations_id_seq; Type: SEQUENCE SET; Schema: public; Owner: ombu
--

SELECT pg_catalog.setval('public.django_migrations_id_seq', 46, true);


--
-- Name: inicio_actividadreciente_id_seq; Type: SEQUENCE SET; Schema: public; Owner: ombu
--

SELECT pg_catalog.setval('public.inicio_actividadreciente_id_seq', 1, false);


--
-- Name: inicio_configuraciongeneral_id_seq; Type: SEQUENCE SET; Schema: public; Owner: ombu
--

SELECT pg_catalog.setval('public.inicio_configuraciongeneral_id_seq', 1, false);


--
-- Name: inicio_galeriafoto_id_seq; Type: SEQUENCE SET; Schema: public; Owner: ombu
--

SELECT pg_catalog.setval('public.inicio_galeriafoto_id_seq', 1, false);


--
-- Name: inicio_mesa_id_seq; Type: SEQUENCE SET; Schema: public; Owner: ombu
--

SELECT pg_catalog.setval('public.inicio_mesa_id_seq', 5, true);


--
-- Name: inicio_pedido_id_seq; Type: SEQUENCE SET; Schema: public; Owner: ombu
--

SELECT pg_catalog.setval('public.inicio_pedido_id_seq', 11, true);


--
-- Name: inicio_pedidodetalle_id_seq; Type: SEQUENCE SET; Schema: public; Owner: ombu
--

SELECT pg_catalog.setval('public.inicio_pedidodetalle_id_seq', 1, false);


--
-- Name: inicio_perfil_id_seq; Type: SEQUENCE SET; Schema: public; Owner: ombu
--

SELECT pg_catalog.setval('public.inicio_perfil_id_seq', 2, true);


--
-- Name: inicio_producto_id_seq; Type: SEQUENCE SET; Schema: public; Owner: ombu
--

SELECT pg_catalog.setval('public.inicio_producto_id_seq', 3, true);


--
-- Name: inicio_usuario_groups_id_seq; Type: SEQUENCE SET; Schema: public; Owner: ombu
--

SELECT pg_catalog.setval('public.inicio_usuario_groups_id_seq', 1, false);


--
-- Name: inicio_usuario_id_seq; Type: SEQUENCE SET; Schema: public; Owner: ombu
--

SELECT pg_catalog.setval('public.inicio_usuario_id_seq', 4, true);


--
-- Name: inicio_usuario_user_permissions_id_seq; Type: SEQUENCE SET; Schema: public; Owner: ombu
--

SELECT pg_catalog.setval('public.inicio_usuario_user_permissions_id_seq', 1, false);


--
-- Name: auth_group auth_group_name_key; Type: CONSTRAINT; Schema: public; Owner: ombu
--

ALTER TABLE ONLY public.auth_group
    ADD CONSTRAINT auth_group_name_key UNIQUE (name);


--
-- Name: auth_group_permissions auth_group_permissions_group_id_permission_id_0cd325b0_uniq; Type: CONSTRAINT; Schema: public; Owner: ombu
--

ALTER TABLE ONLY public.auth_group_permissions
    ADD CONSTRAINT auth_group_permissions_group_id_permission_id_0cd325b0_uniq UNIQUE (group_id, permission_id);


--
-- Name: auth_group_permissions auth_group_permissions_pkey; Type: CONSTRAINT; Schema: public; Owner: ombu
--

ALTER TABLE ONLY public.auth_group_permissions
    ADD CONSTRAINT auth_group_permissions_pkey PRIMARY KEY (id);


--
-- Name: auth_group auth_group_pkey; Type: CONSTRAINT; Schema: public; Owner: ombu
--

ALTER TABLE ONLY public.auth_group
    ADD CONSTRAINT auth_group_pkey PRIMARY KEY (id);


--
-- Name: auth_permission auth_permission_content_type_id_codename_01ab375a_uniq; Type: CONSTRAINT; Schema: public; Owner: ombu
--

ALTER TABLE ONLY public.auth_permission
    ADD CONSTRAINT auth_permission_content_type_id_codename_01ab375a_uniq UNIQUE (content_type_id, codename);


--
-- Name: auth_permission auth_permission_pkey; Type: CONSTRAINT; Schema: public; Owner: ombu
--

ALTER TABLE ONLY public.auth_permission
    ADD CONSTRAINT auth_permission_pkey PRIMARY KEY (id);


--
-- Name: django_admin_log django_admin_log_pkey; Type: CONSTRAINT; Schema: public; Owner: ombu
--

ALTER TABLE ONLY public.django_admin_log
    ADD CONSTRAINT django_admin_log_pkey PRIMARY KEY (id);


--
-- Name: django_content_type django_content_type_app_label_model_76bd3d3b_uniq; Type: CONSTRAINT; Schema: public; Owner: ombu
--

ALTER TABLE ONLY public.django_content_type
    ADD CONSTRAINT django_content_type_app_label_model_76bd3d3b_uniq UNIQUE (app_label, model);


--
-- Name: django_content_type django_content_type_pkey; Type: CONSTRAINT; Schema: public; Owner: ombu
--

ALTER TABLE ONLY public.django_content_type
    ADD CONSTRAINT django_content_type_pkey PRIMARY KEY (id);


--
-- Name: django_migrations django_migrations_pkey; Type: CONSTRAINT; Schema: public; Owner: ombu
--

ALTER TABLE ONLY public.django_migrations
    ADD CONSTRAINT django_migrations_pkey PRIMARY KEY (id);


--
-- Name: django_session django_session_pkey; Type: CONSTRAINT; Schema: public; Owner: ombu
--

ALTER TABLE ONLY public.django_session
    ADD CONSTRAINT django_session_pkey PRIMARY KEY (session_key);


--
-- Name: inicio_actividadreciente inicio_actividadreciente_pkey; Type: CONSTRAINT; Schema: public; Owner: ombu
--

ALTER TABLE ONLY public.inicio_actividadreciente
    ADD CONSTRAINT inicio_actividadreciente_pkey PRIMARY KEY (id);


--
-- Name: inicio_configuraciongeneral inicio_configuraciongeneral_pkey; Type: CONSTRAINT; Schema: public; Owner: ombu
--

ALTER TABLE ONLY public.inicio_configuraciongeneral
    ADD CONSTRAINT inicio_configuraciongeneral_pkey PRIMARY KEY (id);


--
-- Name: inicio_galeriafoto inicio_galeriafoto_pkey; Type: CONSTRAINT; Schema: public; Owner: ombu
--

ALTER TABLE ONLY public.inicio_galeriafoto
    ADD CONSTRAINT inicio_galeriafoto_pkey PRIMARY KEY (id);


--
-- Name: inicio_mesa inicio_mesa_numero_key; Type: CONSTRAINT; Schema: public; Owner: ombu
--

ALTER TABLE ONLY public.inicio_mesa
    ADD CONSTRAINT inicio_mesa_numero_key UNIQUE (numero);


--
-- Name: inicio_mesa inicio_mesa_pkey; Type: CONSTRAINT; Schema: public; Owner: ombu
--

ALTER TABLE ONLY public.inicio_mesa
    ADD CONSTRAINT inicio_mesa_pkey PRIMARY KEY (id);


--
-- Name: inicio_pedido inicio_pedido_pkey; Type: CONSTRAINT; Schema: public; Owner: ombu
--

ALTER TABLE ONLY public.inicio_pedido
    ADD CONSTRAINT inicio_pedido_pkey PRIMARY KEY (id);


--
-- Name: inicio_pedidodetalle inicio_pedidodetalle_pedido_id_producto_id_b3d489a9_uniq; Type: CONSTRAINT; Schema: public; Owner: ombu
--

ALTER TABLE ONLY public.inicio_pedidodetalle
    ADD CONSTRAINT inicio_pedidodetalle_pedido_id_producto_id_b3d489a9_uniq UNIQUE (pedido_id, producto_id);


--
-- Name: inicio_pedidodetalle inicio_pedidodetalle_pkey; Type: CONSTRAINT; Schema: public; Owner: ombu
--

ALTER TABLE ONLY public.inicio_pedidodetalle
    ADD CONSTRAINT inicio_pedidodetalle_pkey PRIMARY KEY (id);


--
-- Name: inicio_perfil inicio_perfil_pkey; Type: CONSTRAINT; Schema: public; Owner: ombu
--

ALTER TABLE ONLY public.inicio_perfil
    ADD CONSTRAINT inicio_perfil_pkey PRIMARY KEY (id);


--
-- Name: inicio_perfil inicio_perfil_user_id_key; Type: CONSTRAINT; Schema: public; Owner: ombu
--

ALTER TABLE ONLY public.inicio_perfil
    ADD CONSTRAINT inicio_perfil_user_id_key UNIQUE (user_id);


--
-- Name: inicio_producto inicio_producto_pkey; Type: CONSTRAINT; Schema: public; Owner: ombu
--

ALTER TABLE ONLY public.inicio_producto
    ADD CONSTRAINT inicio_producto_pkey PRIMARY KEY (id);


--
-- Name: inicio_usuario inicio_usuario_email_key; Type: CONSTRAINT; Schema: public; Owner: ombu
--

ALTER TABLE ONLY public.inicio_usuario
    ADD CONSTRAINT inicio_usuario_email_key UNIQUE (email);


--
-- Name: inicio_usuario_groups inicio_usuario_groups_pkey; Type: CONSTRAINT; Schema: public; Owner: ombu
--

ALTER TABLE ONLY public.inicio_usuario_groups
    ADD CONSTRAINT inicio_usuario_groups_pkey PRIMARY KEY (id);


--
-- Name: inicio_usuario_groups inicio_usuario_groups_usuario_id_group_id_d12acc9a_uniq; Type: CONSTRAINT; Schema: public; Owner: ombu
--

ALTER TABLE ONLY public.inicio_usuario_groups
    ADD CONSTRAINT inicio_usuario_groups_usuario_id_group_id_d12acc9a_uniq UNIQUE (usuario_id, group_id);


--
-- Name: inicio_usuario inicio_usuario_pkey; Type: CONSTRAINT; Schema: public; Owner: ombu
--

ALTER TABLE ONLY public.inicio_usuario
    ADD CONSTRAINT inicio_usuario_pkey PRIMARY KEY (id);


--
-- Name: inicio_usuario_user_permissions inicio_usuario_user_perm_usuario_id_permission_id_a1d7275a_uniq; Type: CONSTRAINT; Schema: public; Owner: ombu
--

ALTER TABLE ONLY public.inicio_usuario_user_permissions
    ADD CONSTRAINT inicio_usuario_user_perm_usuario_id_permission_id_a1d7275a_uniq UNIQUE (usuario_id, permission_id);


--
-- Name: inicio_usuario_user_permissions inicio_usuario_user_permissions_pkey; Type: CONSTRAINT; Schema: public; Owner: ombu
--

ALTER TABLE ONLY public.inicio_usuario_user_permissions
    ADD CONSTRAINT inicio_usuario_user_permissions_pkey PRIMARY KEY (id);


--
-- Name: inicio_usuario inicio_usuario_username_key; Type: CONSTRAINT; Schema: public; Owner: ombu
--

ALTER TABLE ONLY public.inicio_usuario
    ADD CONSTRAINT inicio_usuario_username_key UNIQUE (username);


--
-- Name: auth_group_name_a6ea08ec_like; Type: INDEX; Schema: public; Owner: ombu
--

CREATE INDEX auth_group_name_a6ea08ec_like ON public.auth_group USING btree (name varchar_pattern_ops);


--
-- Name: auth_group_permissions_group_id_b120cbf9; Type: INDEX; Schema: public; Owner: ombu
--

CREATE INDEX auth_group_permissions_group_id_b120cbf9 ON public.auth_group_permissions USING btree (group_id);


--
-- Name: auth_group_permissions_permission_id_84c5c92e; Type: INDEX; Schema: public; Owner: ombu
--

CREATE INDEX auth_group_permissions_permission_id_84c5c92e ON public.auth_group_permissions USING btree (permission_id);


--
-- Name: auth_permission_content_type_id_2f476e4b; Type: INDEX; Schema: public; Owner: ombu
--

CREATE INDEX auth_permission_content_type_id_2f476e4b ON public.auth_permission USING btree (content_type_id);


--
-- Name: django_admin_log_content_type_id_c4bce8eb; Type: INDEX; Schema: public; Owner: ombu
--

CREATE INDEX django_admin_log_content_type_id_c4bce8eb ON public.django_admin_log USING btree (content_type_id);


--
-- Name: django_admin_log_user_id_c564eba6; Type: INDEX; Schema: public; Owner: ombu
--

CREATE INDEX django_admin_log_user_id_c564eba6 ON public.django_admin_log USING btree (user_id);


--
-- Name: django_session_expire_date_a5c62663; Type: INDEX; Schema: public; Owner: ombu
--

CREATE INDEX django_session_expire_date_a5c62663 ON public.django_session USING btree (expire_date);


--
-- Name: django_session_session_key_c0390e0f_like; Type: INDEX; Schema: public; Owner: ombu
--

CREATE INDEX django_session_session_key_c0390e0f_like ON public.django_session USING btree (session_key varchar_pattern_ops);


--
-- Name: inicio_actividadreciente_usuario_id_52c1ebf0; Type: INDEX; Schema: public; Owner: ombu
--

CREATE INDEX inicio_actividadreciente_usuario_id_52c1ebf0 ON public.inicio_actividadreciente USING btree (usuario_id);


--
-- Name: inicio_pedido_mesa_id_7a109a36; Type: INDEX; Schema: public; Owner: ombu
--

CREATE INDEX inicio_pedido_mesa_id_7a109a36 ON public.inicio_pedido USING btree (mesa_id);


--
-- Name: inicio_pedido_mesero_id_05e86fd3; Type: INDEX; Schema: public; Owner: ombu
--

CREATE INDEX inicio_pedido_mesero_id_05e86fd3 ON public.inicio_pedido USING btree (mesero_id);


--
-- Name: inicio_pedidodetalle_pedido_id_12608984; Type: INDEX; Schema: public; Owner: ombu
--

CREATE INDEX inicio_pedidodetalle_pedido_id_12608984 ON public.inicio_pedidodetalle USING btree (pedido_id);


--
-- Name: inicio_pedidodetalle_producto_id_aef9d249; Type: INDEX; Schema: public; Owner: ombu
--

CREATE INDEX inicio_pedidodetalle_producto_id_aef9d249 ON public.inicio_pedidodetalle USING btree (producto_id);


--
-- Name: inicio_usuario_email_84df0687_like; Type: INDEX; Schema: public; Owner: ombu
--

CREATE INDEX inicio_usuario_email_84df0687_like ON public.inicio_usuario USING btree (email varchar_pattern_ops);


--
-- Name: inicio_usuario_groups_group_id_89de2911; Type: INDEX; Schema: public; Owner: ombu
--

CREATE INDEX inicio_usuario_groups_group_id_89de2911 ON public.inicio_usuario_groups USING btree (group_id);


--
-- Name: inicio_usuario_groups_usuario_id_fd3a0c05; Type: INDEX; Schema: public; Owner: ombu
--

CREATE INDEX inicio_usuario_groups_usuario_id_fd3a0c05 ON public.inicio_usuario_groups USING btree (usuario_id);


--
-- Name: inicio_usuario_user_permissions_permission_id_6de322b4; Type: INDEX; Schema: public; Owner: ombu
--

CREATE INDEX inicio_usuario_user_permissions_permission_id_6de322b4 ON public.inicio_usuario_user_permissions USING btree (permission_id);


--
-- Name: inicio_usuario_user_permissions_usuario_id_c736779e; Type: INDEX; Schema: public; Owner: ombu
--

CREATE INDEX inicio_usuario_user_permissions_usuario_id_c736779e ON public.inicio_usuario_user_permissions USING btree (usuario_id);


--
-- Name: inicio_usuario_username_2623ebe2_like; Type: INDEX; Schema: public; Owner: ombu
--

CREATE INDEX inicio_usuario_username_2623ebe2_like ON public.inicio_usuario USING btree (username varchar_pattern_ops);


--
-- Name: auth_group_permissions auth_group_permissio_permission_id_84c5c92e_fk_auth_perm; Type: FK CONSTRAINT; Schema: public; Owner: ombu
--

ALTER TABLE ONLY public.auth_group_permissions
    ADD CONSTRAINT auth_group_permissio_permission_id_84c5c92e_fk_auth_perm FOREIGN KEY (permission_id) REFERENCES public.auth_permission(id) DEFERRABLE INITIALLY DEFERRED;


--
-- Name: auth_group_permissions auth_group_permissions_group_id_b120cbf9_fk_auth_group_id; Type: FK CONSTRAINT; Schema: public; Owner: ombu
--

ALTER TABLE ONLY public.auth_group_permissions
    ADD CONSTRAINT auth_group_permissions_group_id_b120cbf9_fk_auth_group_id FOREIGN KEY (group_id) REFERENCES public.auth_group(id) DEFERRABLE INITIALLY DEFERRED;


--
-- Name: auth_permission auth_permission_content_type_id_2f476e4b_fk_django_co; Type: FK CONSTRAINT; Schema: public; Owner: ombu
--

ALTER TABLE ONLY public.auth_permission
    ADD CONSTRAINT auth_permission_content_type_id_2f476e4b_fk_django_co FOREIGN KEY (content_type_id) REFERENCES public.django_content_type(id) DEFERRABLE INITIALLY DEFERRED;


--
-- Name: django_admin_log django_admin_log_content_type_id_c4bce8eb_fk_django_co; Type: FK CONSTRAINT; Schema: public; Owner: ombu
--

ALTER TABLE ONLY public.django_admin_log
    ADD CONSTRAINT django_admin_log_content_type_id_c4bce8eb_fk_django_co FOREIGN KEY (content_type_id) REFERENCES public.django_content_type(id) DEFERRABLE INITIALLY DEFERRED;


--
-- Name: django_admin_log django_admin_log_user_id_c564eba6_fk_inicio_usuario_id; Type: FK CONSTRAINT; Schema: public; Owner: ombu
--

ALTER TABLE ONLY public.django_admin_log
    ADD CONSTRAINT django_admin_log_user_id_c564eba6_fk_inicio_usuario_id FOREIGN KEY (user_id) REFERENCES public.inicio_usuario(id) DEFERRABLE INITIALLY DEFERRED;


--
-- Name: inicio_actividadreciente inicio_actividadreci_usuario_id_52c1ebf0_fk_inicio_us; Type: FK CONSTRAINT; Schema: public; Owner: ombu
--

ALTER TABLE ONLY public.inicio_actividadreciente
    ADD CONSTRAINT inicio_actividadreci_usuario_id_52c1ebf0_fk_inicio_us FOREIGN KEY (usuario_id) REFERENCES public.inicio_usuario(id) DEFERRABLE INITIALLY DEFERRED;


--
-- Name: inicio_pedido inicio_pedido_mesa_id_7a109a36_fk_inicio_mesa_id; Type: FK CONSTRAINT; Schema: public; Owner: ombu
--

ALTER TABLE ONLY public.inicio_pedido
    ADD CONSTRAINT inicio_pedido_mesa_id_7a109a36_fk_inicio_mesa_id FOREIGN KEY (mesa_id) REFERENCES public.inicio_mesa(id) DEFERRABLE INITIALLY DEFERRED;


--
-- Name: inicio_pedido inicio_pedido_mesero_id_05e86fd3_fk_inicio_usuario_id; Type: FK CONSTRAINT; Schema: public; Owner: ombu
--

ALTER TABLE ONLY public.inicio_pedido
    ADD CONSTRAINT inicio_pedido_mesero_id_05e86fd3_fk_inicio_usuario_id FOREIGN KEY (mesero_id) REFERENCES public.inicio_usuario(id) DEFERRABLE INITIALLY DEFERRED;


--
-- Name: inicio_pedidodetalle inicio_pedidodetalle_pedido_id_12608984_fk_inicio_pedido_id; Type: FK CONSTRAINT; Schema: public; Owner: ombu
--

ALTER TABLE ONLY public.inicio_pedidodetalle
    ADD CONSTRAINT inicio_pedidodetalle_pedido_id_12608984_fk_inicio_pedido_id FOREIGN KEY (pedido_id) REFERENCES public.inicio_pedido(id) DEFERRABLE INITIALLY DEFERRED;


--
-- Name: inicio_pedidodetalle inicio_pedidodetalle_producto_id_aef9d249_fk_inicio_producto_id; Type: FK CONSTRAINT; Schema: public; Owner: ombu
--

ALTER TABLE ONLY public.inicio_pedidodetalle
    ADD CONSTRAINT inicio_pedidodetalle_producto_id_aef9d249_fk_inicio_producto_id FOREIGN KEY (producto_id) REFERENCES public.inicio_producto(id) DEFERRABLE INITIALLY DEFERRED;


--
-- Name: inicio_perfil inicio_perfil_user_id_1da5b2cc_fk_inicio_usuario_id; Type: FK CONSTRAINT; Schema: public; Owner: ombu
--

ALTER TABLE ONLY public.inicio_perfil
    ADD CONSTRAINT inicio_perfil_user_id_1da5b2cc_fk_inicio_usuario_id FOREIGN KEY (user_id) REFERENCES public.inicio_usuario(id) DEFERRABLE INITIALLY DEFERRED;


--
-- Name: inicio_usuario_groups inicio_usuario_groups_group_id_89de2911_fk_auth_group_id; Type: FK CONSTRAINT; Schema: public; Owner: ombu
--

ALTER TABLE ONLY public.inicio_usuario_groups
    ADD CONSTRAINT inicio_usuario_groups_group_id_89de2911_fk_auth_group_id FOREIGN KEY (group_id) REFERENCES public.auth_group(id) DEFERRABLE INITIALLY DEFERRED;


--
-- Name: inicio_usuario_groups inicio_usuario_groups_usuario_id_fd3a0c05_fk_inicio_usuario_id; Type: FK CONSTRAINT; Schema: public; Owner: ombu
--

ALTER TABLE ONLY public.inicio_usuario_groups
    ADD CONSTRAINT inicio_usuario_groups_usuario_id_fd3a0c05_fk_inicio_usuario_id FOREIGN KEY (usuario_id) REFERENCES public.inicio_usuario(id) DEFERRABLE INITIALLY DEFERRED;


--
-- Name: inicio_usuario_user_permissions inicio_usuario_user__permission_id_6de322b4_fk_auth_perm; Type: FK CONSTRAINT; Schema: public; Owner: ombu
--

ALTER TABLE ONLY public.inicio_usuario_user_permissions
    ADD CONSTRAINT inicio_usuario_user__permission_id_6de322b4_fk_auth_perm FOREIGN KEY (permission_id) REFERENCES public.auth_permission(id) DEFERRABLE INITIALLY DEFERRED;


--
-- Name: inicio_usuario_user_permissions inicio_usuario_user__usuario_id_c736779e_fk_inicio_us; Type: FK CONSTRAINT; Schema: public; Owner: ombu
--

ALTER TABLE ONLY public.inicio_usuario_user_permissions
    ADD CONSTRAINT inicio_usuario_user__usuario_id_c736779e_fk_inicio_us FOREIGN KEY (usuario_id) REFERENCES public.inicio_usuario(id) DEFERRABLE INITIALLY DEFERRED;


--
-- Name: SCHEMA public; Type: ACL; Schema: -; Owner: ombu
--

REVOKE USAGE ON SCHEMA public FROM PUBLIC;


--
-- PostgreSQL database dump complete
--

