--
-- PostgreSQL database dump
--

-- Dumped from database version 15.13 (Debian 15.13-1.pgdg120+1)
-- Dumped by pg_dump version 15.13 (Debian 15.13-1.pgdg120+1)

SET statement_timeout = 0;
SET lock_timeout = 0;
SET idle_in_transaction_session_timeout = 0;
SET client_encoding = 'UTF8';
SET standard_conforming_strings = on;
SELECT pg_catalog.set_config('search_path', '', false);
SET check_function_bodies = false;
SET xmloption = content;
SET client_min_messages = warning;
SET row_security = off;

--
-- Name: public; Type: SCHEMA; Schema: -; Owner: ombu
--

-- *not* creating schema, since initdb creates it


ALTER SCHEMA public OWNER TO ombu;

--
-- Name: SCHEMA public; Type: COMMENT; Schema: -; Owner: ombu
--

COMMENT ON SCHEMA public IS '';


SET default_tablespace = '';

SET default_table_access_method = heap;

--
-- Name: auth_group; Type: TABLE; Schema: public; Owner: ombu
--

CREATE TABLE public.auth_group (
    id integer NOT NULL,
    name character varying(150) NOT NULL
);


ALTER TABLE public.auth_group OWNER TO ombu;

--
-- Name: auth_group_id_seq; Type: SEQUENCE; Schema: public; Owner: ombu
--

ALTER TABLE public.auth_group ALTER COLUMN id ADD GENERATED BY DEFAULT AS IDENTITY (
    SEQUENCE NAME public.auth_group_id_seq
    START WITH 1
    INCREMENT BY 1
    NO MINVALUE
    NO MAXVALUE
    CACHE 1
);


--
-- Name: auth_group_permissions; Type: TABLE; Schema: public; Owner: ombu
--

CREATE TABLE public.auth_group_permissions (
    id bigint NOT NULL,
    group_id integer NOT NULL,
    permission_id integer NOT NULL
);


ALTER TABLE public.auth_group_permissions OWNER TO ombu;

--
-- Name: auth_group_permissions_id_seq; Type: SEQUENCE; Schema: public; Owner: ombu
--

ALTER TABLE public.auth_group_permissions ALTER COLUMN id ADD GENERATED BY DEFAULT AS IDENTITY (
    SEQUENCE NAME public.auth_group_permissions_id_seq
    START WITH 1
    INCREMENT BY 1
    NO MINVALUE
    NO MAXVALUE
    CACHE 1
);


--
-- Name: auth_permission; Type: TABLE; Schema: public; Owner: ombu
--

CREATE TABLE public.auth_permission (
    id integer NOT NULL,
    name character varying(255) NOT NULL,
    content_type_id integer NOT NULL,
    codename character varying(100) NOT NULL
);


ALTER TABLE public.auth_permission OWNER TO ombu;

--
-- Name: auth_permission_id_seq; Type: SEQUENCE; Schema: public; Owner: ombu
--

ALTER TABLE public.auth_permission ALTER COLUMN id ADD GENERATED BY DEFAULT AS IDENTITY (
    SEQUENCE NAME public.auth_permission_id_seq
    START WITH 1
    INCREMENT BY 1
    NO MINVALUE
    NO MAXVALUE
    CACHE 1
);


--
-- Name: auth_user; Type: TABLE; Schema: public; Owner: ombu
--

CREATE TABLE public.auth_user (
    id bigint NOT NULL,
    password character varying(128) NOT NULL,
    last_login timestamp with time zone,
    is_superuser boolean NOT NULL,
    username character varying(150) NOT NULL,
    first_name character varying(150) NOT NULL,
    last_name character varying(150) NOT NULL,
    email character varying(254) NOT NULL,
    is_staff boolean NOT NULL,
    is_active boolean NOT NULL,
    date_joined timestamp with time zone NOT NULL
);


ALTER TABLE public.auth_user OWNER TO ombu;

--
-- Name: auth_user_id_seq; Type: SEQUENCE; Schema: public; Owner: ombu
--

ALTER TABLE public.auth_user ALTER COLUMN id ADD GENERATED ALWAYS AS IDENTITY (
    SEQUENCE NAME public.auth_user_id_seq
    START WITH 1
    INCREMENT BY 1
    NO MINVALUE
    NO MAXVALUE
    CACHE 1
);


--
-- Name: django_admin_log; Type: TABLE; Schema: public; Owner: ombu
--

CREATE TABLE public.django_admin_log (
    id integer NOT NULL,
    action_time timestamp with time zone NOT NULL,
    object_id text,
    object_repr character varying(200) NOT NULL,
    action_flag smallint NOT NULL,
    change_message text NOT NULL,
    content_type_id integer,
    user_id bigint NOT NULL,
    CONSTRAINT django_admin_log_action_flag_check CHECK ((action_flag >= 0))
);


ALTER TABLE public.django_admin_log OWNER TO ombu;

--
-- Name: django_admin_log_id_seq; Type: SEQUENCE; Schema: public; Owner: ombu
--

ALTER TABLE public.django_admin_log ALTER COLUMN id ADD GENERATED BY DEFAULT AS IDENTITY (
    SEQUENCE NAME public.django_admin_log_id_seq
    START WITH 1
    INCREMENT BY 1
    NO MINVALUE
    NO MAXVALUE
    CACHE 1
);


--
-- Name: django_content_type; Type: TABLE; Schema: public; Owner: ombu
--

CREATE TABLE public.django_content_type (
    id integer NOT NULL,
    app_label character varying(100) NOT NULL,
    model character varying(100) NOT NULL
);


ALTER TABLE public.django_content_type OWNER TO ombu;

--
-- Name: django_content_type_id_seq; Type: SEQUENCE; Schema: public; Owner: ombu
--

ALTER TABLE public.django_content_type ALTER COLUMN id ADD GENERATED BY DEFAULT AS IDENTITY (
    SEQUENCE NAME public.django_content_type_id_seq
    START WITH 1
    INCREMENT BY 1
    NO MINVALUE
    NO MAXVALUE
    CACHE 1
);


--
-- Name: django_migrations; Type: TABLE; Schema: public; Owner: ombu
--

CREATE TABLE public.django_migrations (
    id bigint NOT NULL,
    app character varying(255) NOT NULL,
    name character varying(255) NOT NULL,
    applied timestamp with time zone NOT NULL
);


ALTER TABLE public.django_migrations OWNER TO ombu;

--
-- Name: django_migrations_id_seq; Type: SEQUENCE; Schema: public; Owner: ombu
--

ALTER TABLE public.django_migrations ALTER COLUMN id ADD GENERATED BY DEFAULT AS IDENTITY (
    SEQUENCE NAME public.django_migrations_id_seq
    START WITH 1
    INCREMENT BY 1
    NO MINVALUE
    NO MAXVALUE
    CACHE 1
);


--
-- Name: django_session; Type: TABLE; Schema: public; Owner: ombu
--

CREATE TABLE public.django_session (
    session_key character varying(40) NOT NULL,
    session_data text NOT NULL,
    expire_date timestamp with time zone NOT NULL
);


ALTER TABLE public.django_session OWNER TO ombu;

--
-- Name: inicio_actividadreciente; Type: TABLE; Schema: public; Owner: ombu
--

CREATE TABLE public.inicio_actividadreciente (
    id bigint NOT NULL,
    accion character varying(255) NOT NULL,
    fecha_hora timestamp with time zone NOT NULL,
    usuario_id bigint
);


ALTER TABLE public.inicio_actividadreciente OWNER TO ombu;

--
-- Name: inicio_actividadreciente_id_seq; Type: SEQUENCE; Schema: public; Owner: ombu
--

ALTER TABLE public.inicio_actividadreciente ALTER COLUMN id ADD GENERATED BY DEFAULT AS IDENTITY (
    SEQUENCE NAME public.inicio_actividadreciente_id_seq
    START WITH 1
    INCREMENT BY 1
    NO MINVALUE
    NO MAXVALUE
    CACHE 1
);


--
-- Name: inicio_configuraciongeneral; Type: TABLE; Schema: public; Owner: ombu
--

CREATE TABLE public.inicio_configuraciongeneral (
    id bigint NOT NULL,
    limite_mesas integer NOT NULL
);


ALTER TABLE public.inicio_configuraciongeneral OWNER TO ombu;

--
-- Name: inicio_configuraciongeneral_id_seq; Type: SEQUENCE; Schema: public; Owner: ombu
--

ALTER TABLE public.inicio_configuraciongeneral ALTER COLUMN id ADD GENERATED BY DEFAULT AS IDENTITY (
    SEQUENCE NAME public.inicio_configuraciongeneral_id_seq
    START WITH 1
    INCREMENT BY 1
    NO MINVALUE
    NO MAXVALUE
    CACHE 1
);


--
-- Name: inicio_galeriafoto; Type: TABLE; Schema: public; Owner: ombu
--

CREATE TABLE public.inicio_galeriafoto (
    id bigint NOT NULL,
    titulo character varying(100),
    imagen character varying(100) NOT NULL,
    descripcion text,
    fecha_subida timestamp with time zone NOT NULL,
    uso character varying(20) NOT NULL
);


ALTER TABLE public.inicio_galeriafoto OWNER TO ombu;

--
-- Name: inicio_galeriafoto_id_seq; Type: SEQUENCE; Schema: public; Owner: ombu
--

ALTER TABLE public.inicio_galeriafoto ALTER COLUMN id ADD GENERATED BY DEFAULT AS IDENTITY (
    SEQUENCE NAME public.inicio_galeriafoto_id_seq
    START WITH 1
    INCREMENT BY 1
    NO MINVALUE
    NO MAXVALUE
    CACHE 1
);


--
-- Name: inicio_mesa; Type: TABLE; Schema: public; Owner: ombu
--

CREATE TABLE public.inicio_mesa (
    id bigint NOT NULL,
    numero integer NOT NULL,
    capacidad integer NOT NULL,
    estado character varying(20) NOT NULL,
    is_active boolean NOT NULL
);


ALTER TABLE public.inicio_mesa OWNER TO ombu;

--
-- Name: inicio_mesa_id_seq; Type: SEQUENCE; Schema: public; Owner: ombu
--

ALTER TABLE public.inicio_mesa ALTER COLUMN id ADD GENERATED BY DEFAULT AS IDENTITY (
    SEQUENCE NAME public.inicio_mesa_id_seq
    START WITH 1
    INCREMENT BY 1
    NO MINVALUE
    NO MAXVALUE
    CACHE 1
);


--
-- Name: inicio_pedido; Type: TABLE; Schema: public; Owner: ombu
--

CREATE TABLE public.inicio_pedido (
    id bigint NOT NULL,
    fecha timestamp with time zone NOT NULL,
    total numeric(10,2) NOT NULL,
    medio_pago character varying(50) NOT NULL,
    mesa_id bigint NOT NULL,
    mesero_id bigint,
    estado character varying(20) NOT NULL
);


ALTER TABLE public.inicio_pedido OWNER TO ombu;

--
-- Name: inicio_pedido_id_seq; Type: SEQUENCE; Schema: public; Owner: ombu
--

ALTER TABLE public.inicio_pedido ALTER COLUMN id ADD GENERATED BY DEFAULT AS IDENTITY (
    SEQUENCE NAME public.inicio_pedido_id_seq
    START WITH 1
    INCREMENT BY 1
    NO MINVALUE
    NO MAXVALUE
    CACHE 1
);


--
-- Name: inicio_pedidodetalle; Type: TABLE; Schema: public; Owner: ombu
--

CREATE TABLE public.inicio_pedidodetalle (
    id bigint NOT NULL,
    cantidad integer NOT NULL,
    precio_unitario numeric(8,2) NOT NULL,
    pedido_id bigint NOT NULL,
    producto_id bigint,
    nombre_producto_historico character varying(255),
    CONSTRAINT inicio_pedidodetalle_cantidad_check CHECK ((cantidad >= 0))
);


ALTER TABLE public.inicio_pedidodetalle OWNER TO ombu;

--
-- Name: inicio_pedidodetalle_id_seq; Type: SEQUENCE; Schema: public; Owner: ombu
--

ALTER TABLE public.inicio_pedidodetalle ALTER COLUMN id ADD GENERATED BY DEFAULT AS IDENTITY (
    SEQUENCE NAME public.inicio_pedidodetalle_id_seq
    START WITH 1
    INCREMENT BY 1
    NO MINVALUE
    NO MAXVALUE
    CACHE 1
);


--
-- Name: inicio_perfil; Type: TABLE; Schema: public; Owner: ombu
--

CREATE TABLE public.inicio_perfil (
    id bigint NOT NULL,
    avatar character varying(100),
    telefono character varying(20),
    user_id bigint NOT NULL
);


ALTER TABLE public.inicio_perfil OWNER TO ombu;

--
-- Name: inicio_perfil_id_seq; Type: SEQUENCE; Schema: public; Owner: ombu
--

ALTER TABLE public.inicio_perfil ALTER COLUMN id ADD GENERATED BY DEFAULT AS IDENTITY (
    SEQUENCE NAME public.inicio_perfil_id_seq
    START WITH 1
    INCREMENT BY 1
    NO MINVALUE
    NO MAXVALUE
    CACHE 1
);


--
-- Name: inicio_producto; Type: TABLE; Schema: public; Owner: ombu
--

CREATE TABLE public.inicio_producto (
    id bigint NOT NULL,
    descripcion text NOT NULL,
    precio numeric(8,2) NOT NULL,
    estado character varying(20) NOT NULL,
    titulo character varying(100) NOT NULL,
    foto character varying(100) NOT NULL,
    categoria character varying(50) NOT NULL,
    opciones text NOT NULL,
    cantidad_disponible integer NOT NULL
);


ALTER TABLE public.inicio_producto OWNER TO ombu;

--
-- Name: inicio_producto_id_seq; Type: SEQUENCE; Schema: public; Owner: ombu
--

ALTER TABLE public.inicio_producto ALTER COLUMN id ADD GENERATED BY DEFAULT AS IDENTITY (
    SEQUENCE NAME public.inicio_producto_id_seq
    START WITH 1
    INCREMENT BY 1
    NO MINVALUE
    NO MAXVALUE
    CACHE 1
);


--
-- Name: inicio_usuario; Type: TABLE; Schema: public; Owner: ombu
--

CREATE TABLE public.inicio_usuario (
    id bigint NOT NULL,
    password character varying(128) NOT NULL,
    last_login timestamp with time zone,
    is_superuser boolean NOT NULL,
    is_staff boolean NOT NULL,
    email character varying(254) NOT NULL,
    username character varying(150) NOT NULL,
    first_name character varying(150) NOT NULL,
    last_name character varying(150) NOT NULL,
    rol character varying(20) NOT NULL,
    is_active boolean NOT NULL,
    date_joined timestamp with time zone NOT NULL,
    avatar character varying(100),
    telefono character varying(20)
);


ALTER TABLE public.inicio_usuario OWNER TO ombu;

--
-- Name: inicio_usuario_groups; Type: TABLE; Schema: public; Owner: ombu
--

CREATE TABLE public.inicio_usuario_groups (
    id bigint NOT NULL,
    usuario_id bigint NOT NULL,
    group_id integer NOT NULL
);


ALTER TABLE public.inicio_usuario_groups OWNER TO ombu;

--
-- Name: inicio_usuario_groups_id_seq; Type: SEQUENCE; Schema: public; Owner: ombu
--

ALTER TABLE public.inicio_usuario_groups ALTER COLUMN id ADD GENERATED BY DEFAULT AS IDENTITY (
    SEQUENCE NAME public.inicio_usuario_groups_id_seq
    START WITH 1
    INCREMENT BY 1
    NO MINVALUE
    NO MAXVALUE
    CACHE 1
);


--
-- Name: inicio_usuario_id_seq; Type: SEQUENCE; Schema: public; Owner: ombu
--

ALTER TABLE public.inicio_usuario ALTER COLUMN id ADD GENERATED BY DEFAULT AS IDENTITY (
    SEQUENCE NAME public.inicio_usuario_id_seq
    START WITH 1
    INCREMENT BY 1
    NO MINVALUE
    NO MAXVALUE
    CACHE 1
);


--
-- Name: inicio_usuario_user_permissions; Type: TABLE; Schema: public; Owner: ombu
--

CREATE TABLE public.inicio_usuario_user_permissions (
    id bigint NOT NULL,
    usuario_id bigint NOT NULL,
    permission_id integer NOT NULL
);


ALTER TABLE public.inicio_usuario_user_permissions OWNER TO ombu;

--
-- Name: inicio_usuario_user_permissions_id_seq; Type: SEQUENCE; Schema: public; Owner: ombu
--

ALTER TABLE public.inicio_usuario_user_permissions ALTER COLUMN id ADD GENERATED BY DEFAULT AS IDENTITY (
    SEQUENCE NAME public.inicio_usuario_user_permissions_id_seq
    START WITH 1
    INCREMENT BY 1
    NO MINVALUE
    NO MAXVALUE
    CACHE 1
);


--
-- Data for Name: auth_group; Type: TABLE DATA; Schema: public; Owner: ombu
--

COPY public.auth_group (id, name) FROM stdin;
\.


--
-- Data for Name: auth_group_permissions; Type: TABLE DATA; Schema: public; Owner: ombu
--

COPY public.auth_group_permissions (id, group_id, permission_id) FROM stdin;
\.


--
-- Data for Name: auth_permission; Type: TABLE DATA; Schema: public; Owner: ombu
--

COPY public.auth_permission (id, name, content_type_id, codename) FROM stdin;
1	Can add permission	2	add_permission
2	Can change permission	2	change_permission
3	Can delete permission	2	delete_permission
4	Can view permission	2	view_permission
5	Can add group	3	add_group
6	Can change group	3	change_group
7	Can delete group	3	delete_group
8	Can view group	3	view_group
9	Can add content type	4	add_contenttype
10	Can change content type	4	change_contenttype
11	Can delete content type	4	delete_contenttype
12	Can view content type	4	view_contenttype
13	Can add session	5	add_session
14	Can change session	5	change_session
15	Can delete session	5	delete_session
16	Can view session	5	view_session
17	Can add mesa	6	add_mesa
18	Can change mesa	6	change_mesa
19	Can delete mesa	6	delete_mesa
20	Can view mesa	6	view_mesa
21	Can add user	7	add_usuario
22	Can change user	7	change_usuario
23	Can delete user	7	delete_usuario
24	Can view user	7	view_usuario
25	Can add pedidos	8	add_pedidos
26	Can change pedidos	8	change_pedidos
27	Can delete pedidos	8	delete_pedidos
28	Can view pedidos	8	view_pedidos
29	Can add perfil	9	add_perfil
30	Can change perfil	9	change_perfil
31	Can delete perfil	9	delete_perfil
32	Can view perfil	9	view_perfil
33	Can add producto	10	add_producto
34	Can change producto	10	change_producto
35	Can delete producto	10	delete_producto
36	Can view producto	10	view_producto
37	Can add inventario	11	add_inventario
38	Can change inventario	11	change_inventario
39	Can delete inventario	11	delete_inventario
40	Can view inventario	11	view_inventario
41	Can add reserva	12	add_reserva
42	Can change reserva	12	change_reserva
43	Can delete reserva	12	delete_reserva
44	Can view reserva	12	view_reserva
45	Can add log entry	1	add_logentry
46	Can change log entry	1	change_logentry
47	Can delete log entry	1	delete_logentry
48	Can view log entry	1	view_logentry
49	Can add actividad reciente	13	add_actividadreciente
50	Can change actividad reciente	13	change_actividadreciente
51	Can delete actividad reciente	13	delete_actividadreciente
52	Can view actividad reciente	13	view_actividadreciente
53	Can add galeria foto	14	add_galeriafoto
54	Can change galeria foto	14	change_galeriafoto
55	Can delete galeria foto	14	delete_galeriafoto
56	Can view galeria foto	14	view_galeriafoto
57	Can add pedido	15	add_pedido
58	Can change pedido	15	change_pedido
59	Can delete pedido	15	delete_pedido
60	Can view pedido	15	view_pedido
61	Can add pedido detalle	16	add_pedidodetalle
62	Can change pedido detalle	16	change_pedidodetalle
63	Can delete pedido detalle	16	delete_pedidodetalle
64	Can view pedido detalle	16	view_pedidodetalle
65	Can add Configuración General	17	add_configuraciongeneral
66	Can change Configuración General	17	change_configuraciongeneral
67	Can delete Configuración General	17	delete_configuraciongeneral
68	Can view Configuración General	17	view_configuraciongeneral
\.


--
-- Data for Name: auth_user; Type: TABLE DATA; Schema: public; Owner: ombu
--

COPY public.auth_user (id, password, last_login, is_superuser, username, first_name, last_name, email, is_staff, is_active, date_joined) FROM stdin;
1	pbkdf2_sha256$1000000$nnReribOlhd4aIUimOcxiR$PkB3/qG8WwRdkKzLNwZXeNomMYYNIrtrRyn0f160fFw=	\N	t	ombuadmin123			ombu12admin@gmail.com	t	t	2025-05-18 00:10:03.767069+00
\.


--
-- Data for Name: django_admin_log; Type: TABLE DATA; Schema: public; Owner: ombu
--

COPY public.django_admin_log (id, action_time, object_id, object_repr, action_flag, change_message, content_type_id, user_id) FROM stdin;
1	2025-05-18 00:33:38.14581+00	3	alias io (aeiou)	1	[{"added": {}}]	7	2
2	2025-05-18 20:42:29.670704+00	4	clara mesas (clamesas)	1	[{"added": {}}]	7	2
3	2025-05-19 19:50:45.037927+00	5	ejemplo de mesero (ejemplo)	1	[{"added": {}}]	7	2
4	2025-05-19 21:20:50.857916+00	6	maria gonzales (mariagp)	1	[{"added": {}}]	7	2
5	2025-05-19 21:52:41.790413+00	7	ernesto mecias (ernes)	1	[{"added": {}}]	7	2
6	2025-05-19 22:02:52.988022+00	8	admin2 de ombu (ombuadmin2)	1	[{"added": {}}]	7	2
7	2025-05-20 17:02:55.925128+00	9	jerson roman (jero)	1	[{"added": {}}]	7	2
8	2025-05-21 15:29:43.674464+00	16	pablo gutierrez (pingu)	1	[{"added": {}}]	7	2
9	2025-05-21 15:33:05.956522+00	17	mateo hendrich (matis)	1	[{"added": {}}]	7	2
10	2025-05-21 18:22:38.769081+00	18	mariel Kkorro (MAKO)	1	[{"added": {}}]	7	2
11	2025-05-21 20:37:10.729998+00	1	TLOZ TO DRINK	1	[{"added": {}}]	10	2
12	2025-05-22 21:54:59.437484+00	19	Miguel Parra (Miguel)	1	[{"added": {}}]	7	2
13	2025-05-22 22:38:09.972982+00	1	drimk	2	[{"changed": {"fields": ["Titulo", "Precio", "Foto", "Categoria"]}}]	10	2
14	2025-05-23 18:42:35.319067+00	18	mariel Kkorro (MAKO)	3		7	2
15	2025-05-23 18:43:53.787559+00	20	angel parra (angel)	1	[{"added": {}}]	7	2
16	2025-05-23 18:44:35.345641+00	20	angel parra (angel)	2	[{"changed": {"fields": ["Rol"]}}]	7	2
17	2025-05-23 19:01:04.868388+00	20	angel parra (angel)	2	[{"changed": {"fields": ["Staff status"]}}]	7	2
18	2025-05-23 19:10:47.236098+00	20	angel parra (angel)	2	[{"changed": {"fields": ["Superuser status"]}}]	7	2
19	2025-05-24 18:24:52.440768+00	3	alias io (aeiou)	3		7	2
20	2025-05-24 20:33:58.513945+00	4	clara mesas (clamesas)	3		7	2
21	2025-05-24 20:36:41.110095+00	5	ejemplo de mesero (ejemplo)	3		7	2
22	2025-05-24 20:44:07.740118+00	6	maria gonzales (mariagp)	3		7	2
23	2025-05-24 21:06:41.803189+00	16	pablo gutierrez (pingu)	3		7	2
24	2025-05-24 21:07:38.305829+00	21	caramela boada (caram)	1	[{"added": {}}]	7	2
25	2025-05-24 22:40:42.611114+00	21	caramela boada (caram)	3		7	2
26	2025-05-24 22:48:46.95816+00	1	drimk	3		10	2
27	2025-05-24 23:30:26.548249+00	2	soda caucasica	1	[{"added": {}}]	10	2
28	2025-05-24 23:51:40.087333+00	3	soda caucasica	1	[{"added": {}}]	10	2
29	2025-05-25 18:00:18.30654+00	3	soda caucasica	2	[{"changed": {"fields": ["Estado"]}}]	10	2
30	2025-05-25 18:04:31.975959+00	3	arroz	2	[{"changed": {"fields": ["Titulo"]}}]	10	2
31	2025-05-26 18:34:50.858093+00	9	jerson roman (jero)	3		7	2
32	2025-05-27 22:06:35.826483+00	1	ombu ad (ombuadmin)	2	[{"changed": {"fields": ["Rol"]}}]	7	2
33	2025-05-27 22:06:59.113056+00	2	ombu admins (adminombu)	2	[{"changed": {"fields": ["Rol"]}}]	7	2
34	2025-05-27 22:26:12.340361+00	20	angel parra (angelgp)	2	[{"changed": {"fields": ["Username"]}}]	7	2
35	2025-05-27 22:42:43.107727+00	7	ernesto mecias (ernesme)	2	[{"changed": {"fields": ["Username"]}}]	7	2
36	2025-05-28 19:01:03.438322+00	3	arroz	2	[{"changed": {"fields": ["Estado"]}}]	10	2
37	2025-05-28 19:01:32.640486+00	4	drimk	1	[{"added": {}}]	10	2
38	2025-05-29 02:10:32.432548+00	1	ombu gastro-bar	1	[{"added": {}}]	14	2
39	2025-05-29 02:20:38.87217+00	2	bebida caliente y bebida fria	1	[{"added": {}}]	14	2
40	2025-05-29 19:54:53.716582+00	2	bebida caliente y bebida fria	2	[{"changed": {"fields": ["Imagen"]}}]	14	2
41	2025-05-29 19:55:27.789446+00	3	cerveza ombu	1	[{"added": {}}]	14	2
42	2025-05-29 19:55:44.775175+00	1	ombu gastro-bar	2	[{"changed": {"fields": ["Es principal"]}}]	14	2
43	2025-05-29 19:56:01.832278+00	1	ombu gastro-bar	2	[]	14	2
44	2025-05-29 19:56:13.291102+00	2	bebida caliente y bebida fria	2	[{"changed": {"fields": ["Es principal"]}}]	14	2
45	2025-05-29 19:56:26.224138+00	1	ombu gastro-bar	2	[{"changed": {"fields": ["Es principal"]}}]	14	2
46	2025-05-29 21:10:41.149674+00	3	cerveza ombu	2	[]	14	2
47	2025-05-29 21:11:10.052786+00	2	bebida caliente y bebida fria	2	[]	14	2
48	2025-05-29 21:11:25.401945+00	1	ombu gastro-bar	2	[{"changed": {"fields": ["Uso"]}}]	14	2
49	2025-05-29 21:11:41.590829+00	3	cerveza ombu	3		14	2
50	2025-05-29 21:11:55.406785+00	2	bebida caliente y bebida fria	3		14	2
51	2025-05-29 21:13:26.327542+00	1	ombu gastro-bar	3		14	2
52	2025-05-29 21:16:55.16501+00	4	gastro-bar OMBÚ	1	[{"added": {}}]	14	2
53	2025-05-30 15:45:00.365294+00	22	ae iio (aeiou)	1	[{"added": {}}]	7	2
54	2025-05-30 18:42:07.341488+00	1	Mesa 4	1	[{"added": {}}]	6	2
55	2025-05-30 18:42:13.33445+00	2	Mesa 2	1	[{"added": {}}]	6	2
56	2025-05-30 18:43:54.362814+00	3	Mesa 5	1	[{"added": {}}]	6	2
57	2025-05-30 18:44:54.49279+00	3	Mesa 5	3		6	2
58	2025-05-30 18:44:54.492826+00	2	Mesa 2	3		6	2
59	2025-05-30 18:44:54.492839+00	1	Mesa 4	3		6	2
60	2025-05-30 18:45:01.559516+00	4	Mesa 1	1	[{"added": {}}]	6	2
61	2025-05-30 18:45:05.836289+00	5	Mesa 2	1	[{"added": {}}]	6	2
62	2025-05-30 18:45:09.653298+00	6	Mesa 3	1	[{"added": {}}]	6	2
63	2025-05-30 18:45:13.663454+00	7	Mesa 4	1	[{"added": {}}]	6	2
64	2025-05-30 19:01:23.407252+00	5	cafe helado con twist	1	[{"added": {}}]	10	2
65	2025-05-30 19:05:13.418028+00	6	cafe irlandes	1	[{"added": {}}]	10	2
66	2025-05-30 19:19:41.485761+00	4	Mesa 1	3		6	2
67	2025-05-30 19:19:53.6993+00	1	Pedido en mesa 4 - $0.00	3		15	2
68	2025-05-30 19:33:36.27219+00	8	Mesa 6	1	[{"added": {}}]	6	2
69	2025-05-30 19:34:51.972116+00	7	dfsfsefse	1	[{"added": {}}]	10	2
70	2025-05-30 19:35:36.803583+00	5	soda caucasica	1	[{"added": {}}]	14	2
71	2025-05-30 19:36:17.72698+00	5	soda caucasica	3		14	2
72	2025-05-30 19:38:01.794186+00	23	miguel garcia (miguelgp)	1	[{"added": {}}]	7	2
73	2025-05-31 07:16:39.186213+00	5	Mesa 2 (Disponible)	3		6	2
74	2025-05-31 07:16:39.186288+00	6	Mesa 3 (Disponible)	3		6	2
75	2025-05-31 07:16:39.186334+00	7	Mesa 4 (Disponible)	3		6	2
76	2025-05-31 07:16:39.186367+00	8	Mesa 6 (Disponible)	3		6	2
77	2025-05-31 07:16:46.042263+00	9	Mesa 1 (Disponible)	1	[{"added": {}}]	6	2
78	2025-05-31 07:17:47.552814+00	9	Mesa 1 (Disponible) (Inactiva)	2	[{"changed": {"fields": ["Is active"]}}]	6	2
79	2025-05-31 07:38:21.015402+00	10	Mesa 2 (Activa)	1	[{"added": {}}]	6	2
80	2025-06-01 14:47:11.237989+00	11	Mesa 3 (Activa)	1	[{"added": {}}]	6	2
81	2025-06-01 14:47:21.855578+00	9	Mesa 1 (Activa)	2	[{"changed": {"fields": ["Is active"]}}]	6	2
82	2025-06-01 18:37:18.249403+00	12	Mesa 4 (Activa)	1	[{"added": {}}]	6	2
83	2025-06-01 18:37:33.361294+00	10	Mesa 2 (Inactiva)	2	[{"changed": {"fields": ["Is active"]}}]	6	2
84	2025-06-01 18:39:08.561933+00	6	cafe irlandes	2	[{"changed": {"fields": ["Opciones"]}}]	10	2
85	2025-06-01 20:07:18.52668+00	11	Mesa 3 (Inactiva)	2	[{"changed": {"fields": ["Is active"]}}]	6	2
86	2025-06-02 01:18:52.424531+00	4	gastro-bar OMBÚ	2	[{"changed": {"fields": ["Uso"]}}]	14	2
87	2025-06-02 20:39:42.465436+00	19	Miguel Parra (Miguel)	2	[]	7	2
88	2025-06-02 21:58:40.844366+00	11	Mesa 3 (Activa)	2	[{"changed": {"fields": ["Is active"]}}]	6	2
89	2025-06-02 23:04:34.813269+00	4	gastro-bar OMBÚ	2	[{"changed": {"fields": ["Descripcion", "Uso"]}}]	14	2
90	2025-06-02 23:05:18.78394+00	6	ashda	1	[{"added": {}}]	14	2
91	2025-06-02 23:07:06.662119+00	10	Mesa 2 (Activa)	2	[{"changed": {"fields": ["Is active"]}}]	6	2
92	2025-06-02 23:14:14.042781+00	8	papas	1	[{"added": {}}]	10	2
93	2025-06-02 23:15:38.767849+00	3	arroz	3		10	2
94	2025-06-03 12:58:35.961167+00	6	ashda	2	[{"changed": {"fields": ["Imagen"]}}]	14	2
95	2025-06-03 12:59:15.448123+00	6	ashda	3		14	2
96	2025-06-03 13:00:01.920897+00	9	Mesa 1 (Activa)	2	[]	6	2
97	2025-06-03 13:30:51.75531+00	9	capuchino	1	[{"added": {}}]	10	2
98	2025-06-03 13:32:03.883168+00	10	Cafe americano	1	[{"added": {}}]	10	2
99	2025-06-03 13:32:34.288599+00	10	Cafe americano	2	[{"changed": {"fields": ["Categoria"]}}]	10	2
100	2025-06-03 13:32:46.591996+00	9	capuchino	2	[{"changed": {"fields": ["Categoria"]}}]	10	2
101	2025-06-03 13:33:00.357228+00	9	Capuchino	2	[{"changed": {"fields": ["Titulo", "Categoria"]}}]	10	2
102	2025-06-03 13:34:09.411389+00	6	Cafe irlandes	2	[{"changed": {"fields": ["Titulo", "Descripcion"]}}]	10	2
103	2025-06-03 13:34:26.244841+00	6	Cafe irlandes	2	[{"changed": {"fields": ["Categoria"]}}]	10	2
104	2025-06-03 13:35:47.453241+00	11	Aguila	1	[{"added": {}}]	10	2
105	2025-06-03 13:37:47.538698+00	12	Chiva de 12 años	1	[{"added": {}}]	10	2
106	2025-06-03 13:39:23.026898+00	13	Cerveza tradicional	1	[{"added": {}}]	10	2
107	2025-06-03 13:39:38.113516+00	13	Cerveza tradicional	2	[{"changed": {"fields": ["Categoria"]}}]	10	2
108	2025-06-03 13:41:16.47379+00	14	Apple Martini	1	[{"added": {}}]	10	2
109	2025-06-03 13:42:34.317735+00	15	Coctel entre tierras	1	[{"added": {}}]	10	2
110	2025-06-03 13:44:06.89206+00	16	Cosmopolitan	1	[{"added": {}}]	10	2
111	2025-06-03 13:45:44.089081+00	7	Doritos	2	[{"changed": {"fields": ["Titulo", "Descripcion", "Precio"]}}]	10	2
112	2025-06-03 13:46:15.687391+00	8	Cheetos	2	[{"changed": {"fields": ["Titulo", "Descripcion"]}}]	10	2
113	2025-06-03 13:46:40.00954+00	8	Cheetos	2	[{"changed": {"fields": ["Foto"]}}]	10	2
114	2025-06-03 13:46:57.138333+00	7	Doritos	2	[{"changed": {"fields": ["Foto"]}}]	10	2
115	2025-06-03 13:47:41.257201+00	4	Choclitos	2	[{"changed": {"fields": ["Titulo", "Descripcion", "Precio", "Foto"]}}]	10	2
116	2025-06-03 13:49:00.098403+00	2	Milo	2	[{"changed": {"fields": ["Titulo", "Descripcion", "Opciones"]}}]	10	2
117	2025-06-03 13:49:23.447459+00	2	Milo	2	[{"changed": {"fields": ["Foto"]}}]	10	2
118	2025-06-03 13:50:23.300383+00	17	Monster	1	[{"added": {}}]	10	2
119	2025-06-03 14:02:23.281641+00	18	Cigarrillos	1	[{"added": {}}]	10	2
120	2025-06-03 14:03:42.286062+00	6	Cafe irlandes	3		10	2
121	2025-06-03 14:36:03.786986+00	4	gastro-bar OMBÚ	2	[{"changed": {"fields": ["Imagen"]}}]	14	2
122	2025-06-03 14:45:30.324641+00	19	Aguila	1	[{"added": {}}]	10	2
123	2025-06-03 14:45:51.415788+00	19	Aguila	2	[{"changed": {"fields": ["Categoria"]}}]	10	2
124	2025-06-03 14:46:12.534059+00	19	Aguila	3		10	2
125	2025-06-03 14:46:12.534087+00	11	Aguila	3		10	2
126	2025-06-04 18:51:09.084206+00	4	gastro-bar OMBÚ	2	[{"changed": {"fields": ["Imagen"]}}]	14	2
127	2025-06-05 21:28:45.731657+00	14	Apple Martini	2	[{"changed": {"fields": ["Cantidad disponible"]}}]	10	2
128	2025-06-06 19:01:23.201591+00	2	Milo	2	[]	10	2
129	2025-06-06 19:01:34.5732+00	2	Milo	2	[{"changed": {"fields": ["Cantidad disponible"]}}]	10	2
130	2025-06-07 20:53:22.166979+00	22	ae iio (aeiou)	3		7	2
131	2025-06-09 22:12:31.96055+00	20	angel parra (angelgp)	3		7	2
132	2025-06-09 23:41:47.938451+00	9	Capuchino	3		10	2
133	2025-06-10 22:29:16.963004+00	2	Milo	3		10	2
134	2025-06-11 19:25:11.692076+00	11	Mesa 3 (Activa)	2	[]	6	2
135	2025-06-11 20:20:51.378223+00	2	ombu admin (adminombu)	2	[{"changed": {"fields": ["Telefono"]}}]	7	2
136	2025-06-12 21:50:07.597901+00	20	Licor Gentleman	1	[{"added": {}}]	10	2
137	2025-06-12 22:09:12.244772+00	14	Apple Martini	3		10	2
138	2025-06-12 22:20:13.737258+00	16	Cosmopolitan	2	[{"changed": {"fields": ["Cantidad disponible"]}}]	10	2
139	2025-06-12 22:20:20.969368+00	18	Cigarrillos	2	[{"changed": {"fields": ["Cantidad disponible"]}}]	10	2
140	2025-06-12 22:20:27.018277+00	8	Cheetos	2	[{"changed": {"fields": ["Cantidad disponible"]}}]	10	2
141	2025-06-12 22:20:35.769875+00	20	Licor Gentleman	2	[{"changed": {"fields": ["Cantidad disponible"]}}]	10	2
142	2025-06-12 22:21:05.529447+00	12	Chiva de 12 años	2	[{"changed": {"fields": ["Cantidad disponible"]}}]	10	2
143	2025-06-12 22:21:19.012993+00	5	cafe helado con twist	2	[{"changed": {"fields": ["Cantidad disponible"]}}]	10	2
144	2025-06-12 22:21:31.890278+00	7	Doritos	2	[{"changed": {"fields": ["Cantidad disponible"]}}]	10	2
145	2025-06-13 19:19:26.276374+00	5	cafe helado con twist	2	[{"changed": {"fields": ["Cantidad disponible"]}}]	10	2
146	2025-06-13 21:50:58.205716+00	21	coctel extasis	1	[{"added": {}}]	10	2
147	2025-06-13 21:52:28.227192+00	10	Cafe americano	3		10	2
148	2025-06-13 22:00:46.622619+00	7	Doritos	3		10	2
149	2025-06-13 22:00:52.749645+00	20	Licor Gentleman	3		10	2
150	2025-06-13 22:00:57.070229+00	17	Monster	3		10	2
152	2025-06-13 22:08:19.690195+00	23	taquis	1	[{"added": {}}]	10	2
153	2025-06-13 22:15:00.61734+00	22	TAQUIS	3		10	2
154	2025-06-13 22:15:07.682644+00	23	taquis	3		10	2
151	2025-06-13 22:03:55.663309+00	22	TAQUIS	1	[{"added": {}}]	10	2
155	2025-06-16 17:37:35.85593+00	22	taquis	1	[{"added": {}}]	10	2
156	2025-06-16 17:38:30.730418+00	23	TAQUI	1	[{"added": {}}]	10	2
157	2025-06-17 05:49:21.739479+00	24	gre yft (greyft)	1	[{"added": {}}]	7	2
158	2025-06-17 05:57:43.389403+00	25	natsu drane (nat)	1	[{"added": {}}]	7	2
159	2025-06-17 06:22:11.056533+00	26	lucy hea (luc)	1	[{"added": {}}]	7	2
160	2025-06-17 06:26:57.112895+00	27	erza scar (erz)	1	[{"added": {}}]	7	2
161	2025-06-17 06:31:42.341956+00	24	adas	1	[{"added": {}}]	10	2
162	2025-06-17 06:31:52.247049+00	24	adas	3		10	2
163	2025-06-17 06:44:01.384651+00	25	Cafe Americano	1	[{"added": {}}]	10	2
164	2025-06-17 06:44:51.094081+00	25	Cafe Americano	2	[{"changed": {"fields": ["Categoria"]}}]	10	2
165	2025-06-17 07:01:54.66882+00	25	Cafe Americano	2	[{"changed": {"fields": ["Cantidad disponible", "Estado"]}}]	10	2
166	2025-06-17 07:02:12.280297+00	5	cafe helado con twist	2	[{"changed": {"fields": ["Estado"]}}]	10	2
167	2025-06-17 07:02:59.939283+00	26	cafe irlandes	1	[{"added": {}}]	10	2
168	2025-06-17 07:04:39.810774+00	13	Cerveza tradicional	2	[{"changed": {"fields": ["Estado"]}}]	10	2
169	2025-06-17 07:04:49.412223+00	13	Cerveza tradicional	2	[{"changed": {"fields": ["Cantidad disponible"]}}]	10	2
170	2025-06-17 07:04:58.22553+00	13	Cerveza tradicional	2	[]	10	2
171	2025-06-17 07:05:51.661423+00	27	TE	1	[{"added": {}}]	10	2
172	2025-06-17 07:06:27.527621+00	25	Cafe Americano	2	[{"changed": {"fields": ["Cantidad disponible"]}}]	10	2
173	2025-06-17 07:06:36.949056+00	26	cafe irlandes	2	[{"changed": {"fields": ["Cantidad disponible"]}}]	10	2
174	2025-06-17 07:06:44.817138+00	4	Choclitos	2	[{"changed": {"fields": ["Estado"]}}]	10	2
175	2025-06-17 07:06:55.609388+00	15	Coctel entre tierras	2	[{"changed": {"fields": ["Estado"]}}]	10	2
201	2025-06-18 02:48:51.623552+00	12	Chiva de 12 años	2	[{"changed": {"fields": ["Cantidad disponible"]}}]	10	2
202	2025-06-18 02:49:16.956132+00	18	Cigarrillos	2	[{"changed": {"fields": ["Cantidad disponible"]}}]	10	2
203	2025-06-18 02:49:37.45692+00	23	TAQUI	2	[{"changed": {"fields": ["Estado"]}}]	10	2
204	2025-06-18 02:51:24.915757+00	60	Cafe Granizado	1	[{"added": {}}]	10	2
205	2025-06-18 03:14:18.22842+00	12	Chiva de 12 años	2	[{"changed": {"fields": ["Cantidad disponible"]}}]	10	2
206	2025-06-18 04:30:53.494322+00	2	sfd	2	[{"changed": {"fields": ["Imagen"]}}]	14	2
\.


--
-- Data for Name: django_content_type; Type: TABLE DATA; Schema: public; Owner: ombu
--

COPY public.django_content_type (id, app_label, model) FROM stdin;
1	admin	logentry
2	auth	permission
3	auth	group
4	contenttypes	contenttype
5	sessions	session
6	inicio	mesa
7	inicio	usuario
8	inicio	pedidos
9	inicio	perfil
10	inicio	producto
11	inicio	inventario
12	inicio	reserva
13	inicio	actividadreciente
14	inicio	galeriafoto
15	inicio	pedido
16	inicio	pedidodetalle
17	inicio	configuraciongeneral
\.


--
-- Data for Name: django_migrations; Type: TABLE DATA; Schema: public; Owner: ombu
--

COPY public.django_migrations (id, app, name, applied) FROM stdin;
1	contenttypes	0001_initial	2025-05-17 20:21:42.32202+00
2	contenttypes	0002_remove_content_type_name	2025-05-17 20:21:42.329316+00
19	sessions	0001_initial	2025-05-17 20:21:42.698433+00
20	auth	0001_initial	2025-05-17 22:54:51.019779+00
32	auth	0002_alter_permission_name_max_length	2025-05-17 23:38:24.444409+00
33	auth	0003_alter_user_email_max_length	2025-05-17 23:38:24.459212+00
34	auth	0004_alter_user_username_opts	2025-05-17 23:38:24.471947+00
35	auth	0005_alter_user_last_login_null	2025-05-17 23:38:24.483994+00
36	auth	0006_require_contenttypes_0002	2025-05-17 23:38:24.491959+00
37	auth	0007_alter_validators_add_error_messages	2025-05-17 23:38:24.501997+00
38	auth	0008_alter_user_username_max_length	2025-05-17 23:38:24.510043+00
39	auth	0009_alter_user_last_name_max_length	2025-05-17 23:38:24.520281+00
40	auth	0010_alter_group_name_max_length	2025-05-17 23:38:24.532037+00
41	auth	0011_update_proxy_permissions	2025-05-17 23:38:24.541555+00
42	auth	0012_alter_user_first_name_max_length	2025-05-17 23:38:24.551402+00
43	inicio	0001_initial	2025-05-18 19:02:39.118459+00
44	admin	0001_initial	2025-05-18 19:05:07.032847+00
45	admin	0002_logentry_remove_auto_add	2025-05-18 19:05:12.311732+00
46	admin	0003_logentry_add_action_flag_choices	2025-05-18 19:05:12.327846+00
47	inicio	0002_remove_producto_pedidos_and_more	2025-05-21 18:57:48.414383+00
48	inicio	0003_producto_foto_alter_producto_estado	2025-05-21 18:57:48.428078+00
49	inicio	0004_producto_categoria_alter_producto_estado_and_more	2025-05-21 18:57:48.455593+00
50	inicio	0005_producto_opciones	2025-05-21 18:57:48.467927+00
51	inicio	0006_alter_producto_opciones	2025-05-21 18:57:48.488825+00
52	inicio	0007_alter_producto_opciones	2025-05-21 18:57:48.508672+00
53	inicio	0008_alter_producto_categoria	2025-05-21 18:57:48.515797+00
54	inicio	0009_alter_producto_categoria	2025-05-21 18:57:48.524275+00
55	inicio	0010_alter_producto_categoria	2025-05-21 18:57:48.532295+00
56	inicio	0011_producto_modificado	2025-05-21 18:57:48.543296+00
57	inicio	0012_remove_producto_modificado_usuario_avatar_and_more	2025-05-21 18:57:48.632324+00
58	inicio	0013_alter_usuario_rol	2025-05-21 18:57:48.645553+00
59	inicio	0014_actividadreciente	2025-05-26 21:59:10.060804+00
60	inicio	0014_alter_producto_categoria	2025-05-29 01:08:36.088205+00
61	inicio	0015_alter_producto_categoria	2025-05-29 01:08:36.099204+00
62	inicio	0016_alter_producto_categoria	2025-05-29 01:08:36.10749+00
63	inicio	0017_alter_producto_categoria	2025-05-29 01:08:36.116001+00
64	inicio	0018_merge_20250528_2008	2025-05-29 01:08:36.122074+00
65	inicio	0019_galeriafoto_alter_producto_categoria	2025-05-29 02:08:06.411018+00
66	inicio	0020_alter_galeriafoto_options_and_more	2025-05-29 21:10:07.625938+00
67	inicio	0018_remove_pedidos_usuario_remove_pedidos_id_mesa_and_more	2025-05-30 18:39:58.351441+00
68	inicio	0021_merge_20250530_1339	2025-05-30 18:39:58.36154+00
69	inicio	0022_alter_mesa_options_alter_pedidodetalle_options_and_more	2025-05-31 07:02:11.057465+00
70	inicio	0023_configuraciongeneral	2025-05-31 07:18:53.996078+00
71	inicio	0024_alter_mesa_capacidad_alter_mesa_estado_and_more	2025-05-31 20:35:22.276427+00
72	inicio	0025_pedido_estado_pedido_fecha_finalizacion	2025-05-31 20:35:46.237046+00
73	inicio	0026_alter_pedido_options_and_more	2025-05-31 22:24:56.081217+00
74	inicio	0021_merge_20250530_1351	2025-06-05 21:25:35.380392+00
75	inicio	0027_merge_20250601_1701	2025-06-05 21:25:35.3912+00
76	inicio	0028_producto_cantidad_disponible	2025-06-05 21:25:35.417121+00
77	inicio	0029_alter_producto_titulo	2025-06-09 15:23:42.057301+00
78	inicio	0030_alter_pedidodetalle_unique_together_and_more	2025-06-13 21:49:12.927028+00
\.


--
-- Data for Name: django_session; Type: TABLE DATA; Schema: public; Owner: ombu
--

COPY public.django_session (session_key, session_data, expire_date) FROM stdin;
64mj3s3mdqmj6w17kc8nmjwxtodtfxhc	.eJxVjMEOwiAQRP-FsyELLG3x6L3fQGBZpGpoUtqT8d9tkx70NMm8N_MWPmxr8VvjxU9JXIXqxeW3jIGeXA-SHqHeZ0lzXZcpykORJ21ynBO_bqf7d1BCK_uaU87aRkAYCHkPSzonR2hAke2R2PLQsVZkGLtsHWaIzpKJGdAEEJ8vFPo4Kg:1uKlin:8fNbYiPORkgLI3tTi0COd8Kn70hUAm0r5dMvIQKwbIs	2025-06-12 22:27:33.846623+00
b6f7c0yv8dtjejby3ic7dd83g49n6wg5	.eJxVjMEOwiAQRP-FsyELLG3x6L3fQGBZpGpoUtqT8d9tkx70NMm8N_MWPmxr8VvjxU9JXIXqxeW3jIGeXA-SHqHeZ0lzXZcpykORJ21ynBO_bqf7d1BCK_uaU87aRkAYCHkPSzonR2hAke2R2PLQsVZkGLtsHWaIzpKJGdAEEJ8vFPo4Kg:1uQ8A6:zYWe2PHd_1gQj59-B7vuSddSBCjwOddRwBuCL-75Gac	2025-06-27 17:25:54.483127+00
lzes4unljdgdwzfuijp288l6id0lbrec	.eJxVjMEOwiAQRP-FsyELLG3x6L3fQGBZpGpoUtqT8d9tkx70NMm8N_MWPmxr8VvjxU9JXIXqxeW3jIGeXA-SHqHeZ0lzXZcpykORJ21ynBO_bqf7d1BCK_uaU87aRkAYCHkPSzonR2hAke2R2PLQsVZkGLtsHWaIzpKJGdAEEJ8vFPo4Kg:1uQ8NE:LOy644cJ99lO4f6WtR-4GRtLV0sBe2qguu8JRCBy8eo	2025-06-27 17:39:28.388804+00
susnt38hj468x8pjwc71zibt6quuqr96	.eJxVjDEOwjAMRe-SGUVNncoJIztnqBzboQWUSE07Ie4OlTrA-t97_2VG2tZp3Jou4yzmbHpz-t0S8UPLDuRO5VYt17Iuc7K7Yg_a7LWKPi-H-3cwUZu-tWcE6bMfhB1EdhGzJoSu46gD9-gRBYMn9JwAY9bMRDBADoACwZn3B-UCN-s:1uNAAT:l3hpwGOaClVsiAWvQd56eQ3wEVt8Inm6jUKgyg16q_c	2025-06-19 12:58:01.783689+00
cheyi2k0ysaikl1skcdma620mjst5hbu	.eJxVjDEOwjAMRe-SGUVNncoJIztnqBzboQWUSE07Ie4OlTrA-t97_2VG2tZp3Jou4yzmbHpz-t0S8UPLDuRO5VYt17Iuc7K7Yg_a7LWKPi-H-3cwUZu-tWcE6bMfhB1EdhGzJoSu46gD9-gRBYMn9JwAY9bMRDBADoACwZn3B-UCN-s:1uNBxF:Ib6Im4e2Sq9fXtGQSfQ5-W18tj6K5fJxZ1JduyBgWto	2025-06-19 14:52:29.189938+00
8wgvi67gjlktswwxpq42x3utq8oxbsgn	.eJxVjDsOwjAQBe_iGlkr_01JzxmsXXuDA8iR4qSKuDuJlALaNzNvEwnXpaa185zGIq5CicvvRphf3A5Qntgek8xTW-aR5KHIk3Z5nwq_b6f7d1Cx173OHAKYGAF0CGSdYkIgZwaGApasGbxhpZwnzdZDZFTRkrY71l4Dic8XzNY3Pw:1uRjFU:r_VOn6L4739khXS0mM8BCSlxpdQTcKkfSiozgSo2k0c	2025-07-02 03:14:04.773725+00
\.


--
-- Data for Name: inicio_actividadreciente; Type: TABLE DATA; Schema: public; Owner: ombu
--

COPY public.inicio_actividadreciente (id, accion, fecha_hora, usuario_id) FROM stdin;
1	Creó la Mesa 2 (ID: 10). Estado: Activa.	2025-05-31 07:38:21.009062+00	2
2	Finalizó pedido #16 para la Mesa 2 (Total: $10000.00, Pago: efectivo).	2025-06-01 01:26:52.584906+00	17
3	Finalizó pedido #17 para la Mesa 2 (Total: $20000.00, Pago: efectivo).	2025-06-01 01:29:59.093113+00	2
4	Finalizó pedido #18 para la Mesa 2 (Total: $14400.00, Pago: efectivo).	2025-06-01 01:34:08.988616+00	2
5	Finalizó pedido #19 para la Mesa 3 (Total: $36600.00, Pago: efectivo).	2025-06-01 18:23:35.505782+00	17
6	Finalizó pedido #20 para la Mesa 4 (Total: $17200.00, Pago: efectivo).	2025-06-01 18:38:10.787793+00	17
7	Finalizó pedido #21 para la Mesa 3 (Total: $17200.00, Pago: efectivo).	2025-06-01 18:40:02.075234+00	\N
8	Finalizó pedido #22 para la Mesa 3 (Total: $14400.00, Pago: efectivo).	2025-06-02 23:00:32.392275+00	19
9	Finalizó pedido #31 para la Mesa 2 (Total: $14400.00, Pago: efectivo).	2025-06-03 12:37:32.903033+00	17
10	Finalizó pedido #33 para la Mesa 1 (Total: $7200.00, Pago: efectivo).	2025-06-03 12:57:42.014307+00	17
11	Finalizó pedido #34 para la Mesa 1 (Total: $8000.00, Pago: efectivo).	2025-06-03 14:28:39.693435+00	17
12	Finalizó pedido #35 para la Mesa 1 (Total: $7000.00, Pago: efectivo).	2025-06-03 14:30:49.314831+00	17
13	Finalizó pedido #36 para la Mesa 1 (Total: $24000.00, Pago: No especificado).	2025-06-07 20:12:53.12274+00	17
14	Finalizó pedido #37 para la Mesa 1 (Total: $24000.00, Pago: efectivo).	2025-06-07 20:13:00.074622+00	17
15	Finalizó pedido #38 para la Mesa 1 (Total: $9000.00, Pago: No especificado).	2025-06-10 22:28:31.989699+00	17
16	Finalizó pedido #39 para la Mesa 1 (Total: $9000.00, Pago: efectivo).	2025-06-10 22:28:37.242419+00	17
17	Modificó el Usuario adminombu (ID: 2).	2025-06-11 20:20:51.373685+00	2
18	Finalizó pedido #40 para la Mesa 1 (Total: $255000.00, Pago: No especificado).	2025-06-12 21:58:50.857591+00	17
19	Finalizó pedido #41 para la Mesa 1 (Total: $255000.00, Pago: efectivo).	2025-06-12 21:59:06.564772+00	17
20	Finalizó pedido #42 para la Mesa 2 (Total: $22500.00, Pago: No especificado).	2025-06-12 22:04:05.94318+00	17
21	Finalizó pedido #44 para la Mesa 2 (Total: $14400.00, Pago: No especificado).	2025-06-12 22:22:51.266665+00	17
22	Finalizó pedido #45 para la Mesa 2 (Total: $100000.00, Pago: No especificado).	2025-06-13 18:08:46.231515+00	17
23	Finalizó pedido #46 para la Mesa 2 (Total: $100000.00, Pago: efectivo).	2025-06-13 18:09:09.978893+00	17
24	Finalizó pedido #47 para la Mesa 1 (Total: $9000.00, Pago: No especificado).	2025-06-13 18:10:57.783713+00	17
25	Finalizó pedido #48 para la Mesa 2 (Total: $508800.00, Pago: No especificado).	2025-06-13 18:26:54.605738+00	17
26	Finalizó pedido #56 para la Mesa 2 (Total: $50000.00, Pago: No especificado).	2025-06-13 19:17:26.052292+00	17
27	Finalizó pedido #59 para la Mesa 2 (Total: $21600.00, Pago: No especificado).	2025-06-13 19:27:54.690887+00	17
28	Finalizó pedido #63 para la Mesa 2 (Total: $14400.00, Pago: No especificado).	2025-06-13 21:04:15.258345+00	17
29	Finalizó pedido #66 para la Mesa 2 (Total: $22200.00, Pago: No especificado).	2025-06-13 21:07:58.411949+00	17
30	Finalizó pedido #67 para la Mesa 3 (Total: $15000.00, Pago: No especificado).	2025-06-13 21:51:22.972457+00	17
31	Finalizó pedido #68 para la Mesa 3 (Total: $15000.00, Pago: efectivo).	2025-06-13 21:51:30.599602+00	17
32	Finalizó pedido #69 para la Mesa 3 (Total: $9000.00, Pago: No especificado).	2025-06-13 22:10:12.451124+00	17
33	Finalizó pedido #72 para la Mesa 3 (Total: $6000.00, Pago: No especificado).	2025-06-13 22:11:07.814709+00	17
34	Finalizó pedido #73 para la Mesa 3 (Total: $6000.00, Pago: efectivo).	2025-06-13 22:11:13.24657+00	17
35	Creó el Usuario greyft (ID: 24).	2025-06-17 05:49:21.736098+00	2
36	Creó el Usuario nat (ID: 25).	2025-06-17 05:57:43.387116+00	2
37	Creó el Usuario luc (ID: 26).	2025-06-17 06:22:11.053911+00	2
38	Creó el Usuario erz (ID: 27).	2025-06-17 06:26:57.111037+00	2
39	Finalizó pedido #74 para la Mesa 3 (Total: $6000.00, Pago: No especificado).	2025-06-17 07:07:35.890925+00	17
72	Finalizó pedido #109 para la Mesa 2 (Total: $300000.00, Pago: No especificado).	2025-06-18 03:12:28.244509+00	17
73	Finalizó pedido #111 para la Mesa 2 (Total: $100000.00, Pago: No especificado).	2025-06-18 03:14:33.1774+00	2
74	Finalizó pedido #113 para la Mesa 2 (Total: $50000.00, Pago: No especificado).	2025-06-18 03:24:45.337028+00	2
75	Finalizó pedido #115 para la Mesa 2 (Total: $4500.00, Pago: No especificado).	2025-06-18 03:48:25.4591+00	2
76	Finalizó pedido #117 para la Mesa 2 (Total: $5000.00, Pago: No especificado).	2025-06-18 03:53:34.028064+00	2
77	Finalizó pedido #118 para la Mesa 2 (Total: $5000.00, Pago: efectivo).	2025-06-18 03:53:38.786553+00	2
78	Finalizó pedido #119 para la Mesa 1 (Total: $10500.00, Pago: No especificado).	2025-06-18 03:54:03.008718+00	2
79	Finalizó pedido #121 para la Mesa 1 (Total: $17500.00, Pago: efectivo).	2025-06-18 03:54:53.523948+00	2
80	Finalizó pedido #122 para la Mesa 1 (Total: $10000.00, Pago: efectivo).	2025-06-18 03:55:18.119163+00	2
\.


--
-- Data for Name: inicio_configuraciongeneral; Type: TABLE DATA; Schema: public; Owner: ombu
--

COPY public.inicio_configuraciongeneral (id, limite_mesas) FROM stdin;
\.


--
-- Data for Name: inicio_galeriafoto; Type: TABLE DATA; Schema: public; Owner: ombu
--

COPY public.inicio_galeriafoto (id, titulo, imagen, descripcion, fecha_subida, uso) FROM stdin;
4	gastro-bar OMBÚ	galeria/Gemini_Generated_Image_db51wldb51wldb51_dgriMqW.png	ejemplo actualizado	2025-05-29 21:16:55.161201+00	en_uso
2	sfd	galeria/Gemini_Generated_Image_tzk203tzk203tzk2_nacwWMJ.png	sdfdf	2025-06-05 14:54:06.614321+00	en_uso
\.


--
-- Data for Name: inicio_mesa; Type: TABLE DATA; Schema: public; Owner: ombu
--

COPY public.inicio_mesa (id, numero, capacidad, estado, is_active) FROM stdin;
12	4	6	disponible	t
10	2	4	disponible	t
9	1	4	disponible	t
11	3	5	disponible	t
\.


--
-- Data for Name: inicio_pedido; Type: TABLE DATA; Schema: public; Owner: ombu
--

COPY public.inicio_pedido (id, fecha, total, medio_pago, mesa_id, mesero_id, estado) FROM stdin;
69	2025-06-13 22:10:12.441377+00	9000.00	No especificado	11	17	finalizado
72	2025-06-13 22:11:07.805841+00	6000.00	No especificado	11	17	finalizado
73	2025-06-13 22:11:13.23732+00	6000.00	efectivo	11	17	finalizado
16	2025-06-01 01:26:52.56713+00	10000.00	efectivo	10	17	finalizado
17	2025-06-01 01:29:59.087405+00	20000.00	efectivo	10	\N	finalizado
18	2025-06-01 01:34:08.986002+00	14400.00	efectivo	10	\N	finalizado
19	2025-06-01 18:23:35.489063+00	36600.00	efectivo	11	17	finalizado
20	2025-06-01 18:38:10.781804+00	17200.00	efectivo	12	17	finalizado
21	2025-06-01 18:40:02.067074+00	17200.00	efectivo	11	\N	finalizado
22	2025-06-02 23:00:32.378769+00	14400.00	efectivo	11	\N	finalizado
31	2025-06-03 12:37:32.894959+00	14400.00	efectivo	10	17	finalizado
33	2025-06-03 12:57:42.007024+00	7200.00	efectivo	9	17	finalizado
34	2025-06-03 14:28:39.687883+00	8000.00	efectivo	9	17	finalizado
35	2025-06-03 14:30:49.309795+00	7000.00	efectivo	9	17	finalizado
36	2025-06-07 20:12:53.107516+00	24000.00	No especificado	9	17	finalizado
37	2025-06-07 20:13:00.068921+00	24000.00	efectivo	9	17	finalizado
38	2025-06-10 22:28:31.956874+00	9000.00	No especificado	9	17	finalizado
39	2025-06-10 22:28:37.234284+00	9000.00	efectivo	9	17	finalizado
40	2025-06-12 21:58:50.831137+00	255000.00	No especificado	9	17	finalizado
41	2025-06-12 21:59:06.549537+00	255000.00	efectivo	9	17	finalizado
42	2025-06-12 22:04:05.938465+00	22500.00	No especificado	10	17	finalizado
44	2025-06-12 22:22:51.261503+00	14400.00	No especificado	10	17	finalizado
45	2025-06-13 18:08:46.192965+00	100000.00	No especificado	10	17	finalizado
46	2025-06-13 18:09:09.972153+00	100000.00	efectivo	10	17	finalizado
47	2025-06-13 18:10:57.77959+00	9000.00	No especificado	9	17	finalizado
48	2025-06-13 18:26:54.599073+00	508800.00	No especificado	10	17	finalizado
56	2025-06-13 19:17:26.033351+00	50000.00	No especificado	10	17	finalizado
59	2025-06-13 19:27:54.681643+00	21600.00	No especificado	10	17	finalizado
63	2025-06-13 21:04:15.246428+00	14400.00	No especificado	10	17	finalizado
66	2025-06-13 21:07:58.398159+00	22200.00	No especificado	10	17	finalizado
67	2025-06-13 21:51:22.962673+00	15000.00	No especificado	11	17	finalizado
68	2025-06-13 21:51:30.590765+00	15000.00	efectivo	11	17	finalizado
74	2025-06-17 07:07:35.883931+00	6000.00	No especificado	11	17	finalizado
109	2025-06-18 03:12:28.224973+00	300000.00	No especificado	10	17	finalizado
111	2025-06-18 03:14:33.166807+00	100000.00	No especificado	10	\N	finalizado
113	2025-06-18 03:24:45.325189+00	50000.00	No especificado	10	\N	finalizado
115	2025-06-18 03:48:25.450196+00	4500.00	No especificado	10	\N	finalizado
117	2025-06-18 03:53:34.01817+00	5000.00	No especificado	10	\N	finalizado
118	2025-06-18 03:53:38.777904+00	5000.00	efectivo	10	\N	finalizado
119	2025-06-18 03:54:03.000043+00	10500.00	No especificado	9	\N	finalizado
121	2025-06-18 03:54:53.515001+00	17500.00	efectivo	9	\N	finalizado
122	2025-06-18 03:55:18.10851+00	10000.00	efectivo	9	\N	finalizado
\.


--
-- Data for Name: inicio_pedidodetalle; Type: TABLE DATA; Schema: public; Owner: ombu
--

COPY public.inicio_pedidodetalle (id, cantidad, precio_unitario, pedido_id, producto_id, nombre_producto_historico) FROM stdin;
3	2	7200.00	18	5	\N
5	3	7200.00	19	5	\N
7	1	7200.00	20	5	\N
9	1	7200.00	21	5	\N
10	2	7200.00	22	5	\N
26	2	7200.00	31	5	\N
28	1	7200.00	33	5	\N
30	1	3000.00	34	13	\N
44	2	7200.00	44	5	\N
45	2	50000.00	45	12	\N
46	2	50000.00	46	12	\N
47	6	1500.00	47	18	\N
49	4	7200.00	48	5	\N
50	1	50000.00	56	12	\N
51	3	7200.00	59	5	\N
52	2	7200.00	63	5	\N
53	1	7200.00	66	5	\N
54	2	7500.00	66	16	\N
55	2	7500.00	67	21	coctel extasis
56	2	7500.00	68	21	coctel extasis
32	1	2000.00	35	\N	\N
40	2	120000.00	40	\N	\N
42	2	120000.00	41	\N	\N
48	4	120000.00	48	\N	\N
58	2	3000.00	72	\N	TAQUIS
59	2	3000.00	73	\N	TAQUIS
57	3	3000.00	69	\N	taquis
60	2	3000.00	74	13	Cerveza tradicional
93	6	50000.00	109	12	Chiva de 12 años
94	2	50000.00	111	12	Chiva de 12 años
95	1	50000.00	113	12	Chiva de 12 años
96	3	1500.00	115	18	Cigarrillos
97	2	2500.00	117	27	TE
98	2	2500.00	118	27	TE
99	3	3500.00	119	26	cafe irlandes
100	5	3500.00	121	60	Cafe Granizado
101	4	2500.00	122	25	Cafe Americano
\.


--
-- Data for Name: inicio_perfil; Type: TABLE DATA; Schema: public; Owner: ombu
--

COPY public.inicio_perfil (id, avatar, telefono, user_id) FROM stdin;
1		\N	1
3	avatars/link_botw.jfif	4545411244	2
\.


--
-- Data for Name: inicio_producto; Type: TABLE DATA; Schema: public; Owner: ombu
--

COPY public.inicio_producto (id, descripcion, precio, estado, titulo, foto, categoria, opciones, cantidad_disponible) FROM stdin;
21	Coctel para disfrutar	7500.00	disponible	coctel extasis	productos/extasis_4T6cw9S.png	Coctel		1
8	Paquete de cheetos	20000.00	disponible	Cheetos	productos/chetos_XTRvYQU.png	Picar	papas de pollo , papas BBQ	5
16	Coctel con escencia capaz de dar una sensacion unica	7500.00	disponible	Cosmopolitan	productos/COSMOPOLITAN_GTYhmA6.png	Coctel		8
22	aa	4000.00	disponible	taquis	productos/aguila1_SCYaGJj_GrbDMBT.png	Picar		20
5	bebida fria para disfrutar en compañia	7200.00	no_disponible	cafe helado con twist	productos/cafe_helado_con_twist.png	Bebida_fria		0
4	Paquete de choclitos	2500.00	no_disponible	Choclitos	productos/chochitos_KZtpO51.png	Picar		0
15	Una mezcla de diferentes productos que nos da un coctel unico	8000.00	no_disponible	Coctel entre tierras	productos/entre_tierras_qWdt0Qw.png	Coctel		0
13	Disfruta de una cerveza tradicional	3000.00	no_disponible	Cerveza tradicional	productos/cerveza_w4EMUMM.jpg	Cerveza		0
23	A	4000.00	no_disponible	TAQUI	productos/APPLE_MARTINI_ijYAcwp_9tQeCoA.png	Picar		0
12	Disfruta de esta mezcla que dan una chiva de 12 años	50000.00	no_disponible	Chiva de 12 años	productos/chiva_12años_AKHg9Za.jpeg	Cerveza		0
18	Cigarrillos para complementar tus pedidos	1500.00	disponible	Cigarrillos	productos/cigarros_jrgxwEG.png	Cigarrillo		2
27	asdasd	2500.00	no_disponible	TE	productos/te_TfX3U8P.png	bebida_caliente		0
26	asdasda	3500.00	no_disponible	cafe irlandes	productos/cafeirlandes_snFtC90.png	bebida_caliente		0
60	un cafe granizado y ya	3500.00	no_disponible	Cafe Granizado	productos/cafe_granizado_Spyeai5.png	bebida_caliente		0
25	un cafe americano ocasional	2500.00	disponible	Cafe Americano	productos/americano_CcFQoVF.png	bebida_caliente		1
\.


--
-- Data for Name: inicio_usuario; Type: TABLE DATA; Schema: public; Owner: ombu
--

COPY public.inicio_usuario (id, password, last_login, is_superuser, is_staff, email, username, first_name, last_name, rol, is_active, date_joined, avatar, telefono) FROM stdin;
1	pbkdf2_sha256$1000000$Cgh3ZGbjCgvBkxymZWR3VN$oQl378BNc7R9O5ceKYW+OCVo/CxcSTQGw/V1wjdiNAs=	\N	t	t	ombuad54321@gmail.com	ombuadmin	ombu	ad	administrador	t	2025-05-17 20:22:28.448837+00		\N
7	pbkdf2_sha256$1000000$7yzwzBdnbNo60oL6V74X8O$s8cgjuW8HWAIhYK3ICeqt7N2ioTx4QM7xT/gqayd2fI=	2025-05-20 16:11:27.168007+00	f	f	verne12@ejemplo.com	ernesme	ernesto	mecias	mesero	t	2025-05-19 21:52:41.781971+00		\N
23	pbkdf2_sha256$1000000$3cEDvmbyqtPLIj4cYC5PP1$F92grLeWPU5ykgedNt/KpHlM/zyqw7a/Oiypflyva5A=	\N	f	f	migu@ejemplo.com	miguelgp	miguel	garcia	mesero	t	2025-05-30 19:38:01.322319+00		\N
8	123456	\N	t	f	admin12@gmail.com	ombuadmin2	admin2	de ombu	administrador	t	2025-05-19 22:02:52.979305+00	\N	\N
19	pbkdf2_sha256$1000000$ZGJSUBEKnJv1kgqlza7sqO$Ub6bzoz7hCvQ6JSSlDdZXf8ysnjiIuCuecZjdBp3qeE=	2025-06-02 22:44:11.222956+00	f	f	skarangel149@gmail.com	Miguel	Miguel	Parra	administrador	t	2025-05-22 21:54:59.007466+00		\N
24	pbkdf2_sha256$1000000$J1YnWwzJ52WugQvHGeWPRT$Dwtw1I0rwb+1ASjw90Nj/UMJue95OpM2Cd8OcZS0UuQ=	\N	f	f	gresyft@gmail.com	greyft	gre	yft	mesero	t	2025-06-17 05:49:21.066367+00		\N
25	pbkdf2_sha256$1000000$8EdxRaJGaQ0kQ4rSxsopy0$4z9mnLcHz8aVQ9H3eBoSxJFKP/mXXKdWnLmc6g5hKWU=	\N	f	f	natsd@gmail.com	nat	natsu	drane	mesero	t	2025-06-17 05:57:42.687863+00		\N
26	pbkdf2_sha256$1000000$CYfqU3H3g3M9LrtbROaDVP$2fyGFrKQLVBsIeZIOigsQgExke+1Ld7/6/Oacc8HIFw=	\N	f	f	luc@gmail.com	luc	lucy	hea	mesero	t	2025-06-17 06:20:33+00		\N
27	pbkdf2_sha256$1000000$MBxVGXdF7iqavxaKTrnTyg$EfBSQsYepvHBGfbdfc3dLFJdJupnV09M69AdwYEBc4g=	\N	f	f	erzs@gmail.com	erz	erza	scar	mesero	t	2025-06-17 06:26:56.412016+00		\N
17	pbkdf2_sha256$1000000$PhAPke7ALk1D8u5NwGpvvV$6nueD1kxFh/uaovkkSzpXe3Y12IsMdm7lXZ5piEfWP0=	2025-06-18 02:57:02.450244+00	f	f	mateo123@gmail.com	matis	mateo	hendrich	mesero	t	2025-05-21 15:33:05.954868+00	\N	\N
2	pbkdf2_sha256$1000000$wZTZVHSaYsaN8Z5jfiDFqT$e7uv9U79/v3CHrtsB+th5XOFck6zH90PdlJ+6J6l3YI=	2025-06-18 03:14:04.769436+00	t	t	adom12@gmail.com	adminombu	ombu	admin	administrador	t	2025-05-18 00:06:18.089732+00		123456789
\.


--
-- Data for Name: inicio_usuario_groups; Type: TABLE DATA; Schema: public; Owner: ombu
--

COPY public.inicio_usuario_groups (id, usuario_id, group_id) FROM stdin;
\.


--
-- Data for Name: inicio_usuario_user_permissions; Type: TABLE DATA; Schema: public; Owner: ombu
--

COPY public.inicio_usuario_user_permissions (id, usuario_id, permission_id) FROM stdin;
\.


--
-- Name: auth_group_id_seq; Type: SEQUENCE SET; Schema: public; Owner: ombu
--

SELECT pg_catalog.setval('public.auth_group_id_seq', 1, true);


--
-- Name: auth_group_permissions_id_seq; Type: SEQUENCE SET; Schema: public; Owner: ombu
--

SELECT pg_catalog.setval('public.auth_group_permissions_id_seq', 1, true);


--
-- Name: auth_permission_id_seq; Type: SEQUENCE SET; Schema: public; Owner: ombu
--

SELECT pg_catalog.setval('public.auth_permission_id_seq', 68, true);


--
-- Name: auth_user_id_seq; Type: SEQUENCE SET; Schema: public; Owner: ombu
--

SELECT pg_catalog.setval('public.auth_user_id_seq', 1, true);


--
-- Name: django_admin_log_id_seq; Type: SEQUENCE SET; Schema: public; Owner: ombu
--

SELECT pg_catalog.setval('public.django_admin_log_id_seq', 206, true);


--
-- Name: django_content_type_id_seq; Type: SEQUENCE SET; Schema: public; Owner: ombu
--

SELECT pg_catalog.setval('public.django_content_type_id_seq', 17, true);


--
-- Name: django_migrations_id_seq; Type: SEQUENCE SET; Schema: public; Owner: ombu
--

SELECT pg_catalog.setval('public.django_migrations_id_seq', 78, true);


--
-- Name: inicio_actividadreciente_id_seq; Type: SEQUENCE SET; Schema: public; Owner: ombu
--

SELECT pg_catalog.setval('public.inicio_actividadreciente_id_seq', 80, true);


--
-- Name: inicio_configuraciongeneral_id_seq; Type: SEQUENCE SET; Schema: public; Owner: ombu
--

SELECT pg_catalog.setval('public.inicio_configuraciongeneral_id_seq', 1, true);


--
-- Name: inicio_galeriafoto_id_seq; Type: SEQUENCE SET; Schema: public; Owner: ombu
--

SELECT pg_catalog.setval('public.inicio_galeriafoto_id_seq', 4, true);


--
-- Name: inicio_mesa_id_seq; Type: SEQUENCE SET; Schema: public; Owner: ombu
--

SELECT pg_catalog.setval('public.inicio_mesa_id_seq', 12, true);


--
-- Name: inicio_pedido_id_seq; Type: SEQUENCE SET; Schema: public; Owner: ombu
--

SELECT pg_catalog.setval('public.inicio_pedido_id_seq', 122, true);


--
-- Name: inicio_pedidodetalle_id_seq; Type: SEQUENCE SET; Schema: public; Owner: ombu
--

SELECT pg_catalog.setval('public.inicio_pedidodetalle_id_seq', 101, true);


--
-- Name: inicio_perfil_id_seq; Type: SEQUENCE SET; Schema: public; Owner: ombu
--

SELECT pg_catalog.setval('public.inicio_perfil_id_seq', 3, true);


--
-- Name: inicio_producto_id_seq; Type: SEQUENCE SET; Schema: public; Owner: ombu
--

SELECT pg_catalog.setval('public.inicio_producto_id_seq', 60, true);


--
-- Name: inicio_usuario_groups_id_seq; Type: SEQUENCE SET; Schema: public; Owner: ombu
--

SELECT pg_catalog.setval('public.inicio_usuario_groups_id_seq', 1, true);


--
-- Name: inicio_usuario_id_seq; Type: SEQUENCE SET; Schema: public; Owner: ombu
--

SELECT pg_catalog.setval('public.inicio_usuario_id_seq', 27, true);


--
-- Name: inicio_usuario_user_permissions_id_seq; Type: SEQUENCE SET; Schema: public; Owner: ombu
--

SELECT pg_catalog.setval('public.inicio_usuario_user_permissions_id_seq', 1, true);


--
-- Name: auth_group auth_group_name_key; Type: CONSTRAINT; Schema: public; Owner: ombu
--

ALTER TABLE ONLY public.auth_group
    ADD CONSTRAINT auth_group_name_key UNIQUE (name);


--
-- Name: auth_group_permissions auth_group_permissions_group_id_permission_id_0cd325b0_uniq; Type: CONSTRAINT; Schema: public; Owner: ombu
--

ALTER TABLE ONLY public.auth_group_permissions
    ADD CONSTRAINT auth_group_permissions_group_id_permission_id_0cd325b0_uniq UNIQUE (group_id, permission_id);


--
-- Name: auth_group_permissions auth_group_permissions_pkey; Type: CONSTRAINT; Schema: public; Owner: ombu
--

ALTER TABLE ONLY public.auth_group_permissions
    ADD CONSTRAINT auth_group_permissions_pkey PRIMARY KEY (id);


--
-- Name: auth_group auth_group_pkey; Type: CONSTRAINT; Schema: public; Owner: ombu
--

ALTER TABLE ONLY public.auth_group
    ADD CONSTRAINT auth_group_pkey PRIMARY KEY (id);


--
-- Name: auth_permission auth_permission_content_type_id_codename_01ab375a_uniq; Type: CONSTRAINT; Schema: public; Owner: ombu
--

ALTER TABLE ONLY public.auth_permission
    ADD CONSTRAINT auth_permission_content_type_id_codename_01ab375a_uniq UNIQUE (content_type_id, codename);


--
-- Name: auth_permission auth_permission_pkey; Type: CONSTRAINT; Schema: public; Owner: ombu
--

ALTER TABLE ONLY public.auth_permission
    ADD CONSTRAINT auth_permission_pkey PRIMARY KEY (id);


--
-- Name: auth_user auth_user_email_key; Type: CONSTRAINT; Schema: public; Owner: ombu
--

ALTER TABLE ONLY public.auth_user
    ADD CONSTRAINT auth_user_email_key UNIQUE (email);


--
-- Name: auth_user auth_user_pkey; Type: CONSTRAINT; Schema: public; Owner: ombu
--

ALTER TABLE ONLY public.auth_user
    ADD CONSTRAINT auth_user_pkey PRIMARY KEY (id);


--
-- Name: auth_user auth_user_username_key; Type: CONSTRAINT; Schema: public; Owner: ombu
--

ALTER TABLE ONLY public.auth_user
    ADD CONSTRAINT auth_user_username_key UNIQUE (username);


--
-- Name: django_admin_log django_admin_log_pkey; Type: CONSTRAINT; Schema: public; Owner: ombu
--

ALTER TABLE ONLY public.django_admin_log
    ADD CONSTRAINT django_admin_log_pkey PRIMARY KEY (id);


--
-- Name: django_content_type django_content_type_app_label_model_76bd3d3b_uniq; Type: CONSTRAINT; Schema: public; Owner: ombu
--

ALTER TABLE ONLY public.django_content_type
    ADD CONSTRAINT django_content_type_app_label_model_76bd3d3b_uniq UNIQUE (app_label, model);


--
-- Name: django_content_type django_content_type_pkey; Type: CONSTRAINT; Schema: public; Owner: ombu
--

ALTER TABLE ONLY public.django_content_type
    ADD CONSTRAINT django_content_type_pkey PRIMARY KEY (id);


--
-- Name: django_migrations django_migrations_pkey; Type: CONSTRAINT; Schema: public; Owner: ombu
--

ALTER TABLE ONLY public.django_migrations
    ADD CONSTRAINT django_migrations_pkey PRIMARY KEY (id);


--
-- Name: django_session django_session_pkey; Type: CONSTRAINT; Schema: public; Owner: ombu
--

ALTER TABLE ONLY public.django_session
    ADD CONSTRAINT django_session_pkey PRIMARY KEY (session_key);


--
-- Name: inicio_actividadreciente inicio_actividadreciente_pkey; Type: CONSTRAINT; Schema: public; Owner: ombu
--

ALTER TABLE ONLY public.inicio_actividadreciente
    ADD CONSTRAINT inicio_actividadreciente_pkey PRIMARY KEY (id);


--
-- Name: inicio_configuraciongeneral inicio_configuraciongeneral_pkey; Type: CONSTRAINT; Schema: public; Owner: ombu
--

ALTER TABLE ONLY public.inicio_configuraciongeneral
    ADD CONSTRAINT inicio_configuraciongeneral_pkey PRIMARY KEY (id);


--
-- Name: inicio_galeriafoto inicio_galeriafoto_pkey; Type: CONSTRAINT; Schema: public; Owner: ombu
--

ALTER TABLE ONLY public.inicio_galeriafoto
    ADD CONSTRAINT inicio_galeriafoto_pkey PRIMARY KEY (id);


--
-- Name: inicio_mesa inicio_mesa_numero_key; Type: CONSTRAINT; Schema: public; Owner: ombu
--

ALTER TABLE ONLY public.inicio_mesa
    ADD CONSTRAINT inicio_mesa_numero_key UNIQUE (numero);


--
-- Name: inicio_mesa inicio_mesa_pkey; Type: CONSTRAINT; Schema: public; Owner: ombu
--

ALTER TABLE ONLY public.inicio_mesa
    ADD CONSTRAINT inicio_mesa_pkey PRIMARY KEY (id);


--
-- Name: inicio_pedido inicio_pedido_pkey; Type: CONSTRAINT; Schema: public; Owner: ombu
--

ALTER TABLE ONLY public.inicio_pedido
    ADD CONSTRAINT inicio_pedido_pkey PRIMARY KEY (id);


--
-- Name: inicio_pedidodetalle inicio_pedidodetalle_pedido_id_producto_id_b3d489a9_uniq; Type: CONSTRAINT; Schema: public; Owner: ombu
--

ALTER TABLE ONLY public.inicio_pedidodetalle
    ADD CONSTRAINT inicio_pedidodetalle_pedido_id_producto_id_b3d489a9_uniq UNIQUE (pedido_id, producto_id);


--
-- Name: inicio_pedidodetalle inicio_pedidodetalle_pkey; Type: CONSTRAINT; Schema: public; Owner: ombu
--

ALTER TABLE ONLY public.inicio_pedidodetalle
    ADD CONSTRAINT inicio_pedidodetalle_pkey PRIMARY KEY (id);


--
-- Name: inicio_perfil inicio_perfil_pkey; Type: CONSTRAINT; Schema: public; Owner: ombu
--

ALTER TABLE ONLY public.inicio_perfil
    ADD CONSTRAINT inicio_perfil_pkey PRIMARY KEY (id);


--
-- Name: inicio_perfil inicio_perfil_user_id_key; Type: CONSTRAINT; Schema: public; Owner: ombu
--

ALTER TABLE ONLY public.inicio_perfil
    ADD CONSTRAINT inicio_perfil_user_id_key UNIQUE (user_id);


--
-- Name: inicio_producto inicio_producto_pkey; Type: CONSTRAINT; Schema: public; Owner: ombu
--

ALTER TABLE ONLY public.inicio_producto
    ADD CONSTRAINT inicio_producto_pkey PRIMARY KEY (id);


--
-- Name: inicio_producto inicio_producto_titulo_b720fbf9_uniq; Type: CONSTRAINT; Schema: public; Owner: ombu
--

ALTER TABLE ONLY public.inicio_producto
    ADD CONSTRAINT inicio_producto_titulo_b720fbf9_uniq UNIQUE (titulo);


--
-- Name: inicio_usuario inicio_usuario_email_key; Type: CONSTRAINT; Schema: public; Owner: ombu
--

ALTER TABLE ONLY public.inicio_usuario
    ADD CONSTRAINT inicio_usuario_email_key UNIQUE (email);


--
-- Name: inicio_usuario_groups inicio_usuario_groups_pkey; Type: CONSTRAINT; Schema: public; Owner: ombu
--

ALTER TABLE ONLY public.inicio_usuario_groups
    ADD CONSTRAINT inicio_usuario_groups_pkey PRIMARY KEY (id);


--
-- Name: inicio_usuario_groups inicio_usuario_groups_usuario_id_group_id_d12acc9a_uniq; Type: CONSTRAINT; Schema: public; Owner: ombu
--

ALTER TABLE ONLY public.inicio_usuario_groups
    ADD CONSTRAINT inicio_usuario_groups_usuario_id_group_id_d12acc9a_uniq UNIQUE (usuario_id, group_id);


--
-- Name: inicio_usuario inicio_usuario_pkey; Type: CONSTRAINT; Schema: public; Owner: ombu
--

ALTER TABLE ONLY public.inicio_usuario
    ADD CONSTRAINT inicio_usuario_pkey PRIMARY KEY (id);


--
-- Name: inicio_usuario_user_permissions inicio_usuario_user_perm_usuario_id_permission_id_a1d7275a_uniq; Type: CONSTRAINT; Schema: public; Owner: ombu
--

ALTER TABLE ONLY public.inicio_usuario_user_permissions
    ADD CONSTRAINT inicio_usuario_user_perm_usuario_id_permission_id_a1d7275a_uniq UNIQUE (usuario_id, permission_id);


--
-- Name: inicio_usuario_user_permissions inicio_usuario_user_permissions_pkey; Type: CONSTRAINT; Schema: public; Owner: ombu
--

ALTER TABLE ONLY public.inicio_usuario_user_permissions
    ADD CONSTRAINT inicio_usuario_user_permissions_pkey PRIMARY KEY (id);


--
-- Name: inicio_usuario inicio_usuario_username_key; Type: CONSTRAINT; Schema: public; Owner: ombu
--

ALTER TABLE ONLY public.inicio_usuario
    ADD CONSTRAINT inicio_usuario_username_key UNIQUE (username);


--
-- Name: auth_group_name_a6ea08ec_like; Type: INDEX; Schema: public; Owner: ombu
--

CREATE INDEX auth_group_name_a6ea08ec_like ON public.auth_group USING btree (name varchar_pattern_ops);


--
-- Name: auth_group_permissions_group_id_b120cbf9; Type: INDEX; Schema: public; Owner: ombu
--

CREATE INDEX auth_group_permissions_group_id_b120cbf9 ON public.auth_group_permissions USING btree (group_id);


--
-- Name: auth_group_permissions_permission_id_84c5c92e; Type: INDEX; Schema: public; Owner: ombu
--

CREATE INDEX auth_group_permissions_permission_id_84c5c92e ON public.auth_group_permissions USING btree (permission_id);


--
-- Name: auth_permission_content_type_id_2f476e4b; Type: INDEX; Schema: public; Owner: ombu
--

CREATE INDEX auth_permission_content_type_id_2f476e4b ON public.auth_permission USING btree (content_type_id);


--
-- Name: auth_user_email_idx; Type: INDEX; Schema: public; Owner: ombu
--

CREATE INDEX auth_user_email_idx ON public.auth_user USING btree (email);


--
-- Name: auth_user_is_staff_idx; Type: INDEX; Schema: public; Owner: ombu
--

CREATE INDEX auth_user_is_staff_idx ON public.auth_user USING btree (is_staff);


--
-- Name: auth_user_is_superuser_idx; Type: INDEX; Schema: public; Owner: ombu
--

CREATE INDEX auth_user_is_superuser_idx ON public.auth_user USING btree (is_superuser);


--
-- Name: auth_user_last_login_idx; Type: INDEX; Schema: public; Owner: ombu
--

CREATE INDEX auth_user_last_login_idx ON public.auth_user USING btree (last_login);


--
-- Name: auth_user_username_idx; Type: INDEX; Schema: public; Owner: ombu
--

CREATE INDEX auth_user_username_idx ON public.auth_user USING btree (username);


--
-- Name: django_admin_log_content_type_id_c4bce8eb; Type: INDEX; Schema: public; Owner: ombu
--

CREATE INDEX django_admin_log_content_type_id_c4bce8eb ON public.django_admin_log USING btree (content_type_id);


--
-- Name: django_admin_log_user_id_c564eba6; Type: INDEX; Schema: public; Owner: ombu
--

CREATE INDEX django_admin_log_user_id_c564eba6 ON public.django_admin_log USING btree (user_id);


--
-- Name: django_session_expire_date_a5c62663; Type: INDEX; Schema: public; Owner: ombu
--

CREATE INDEX django_session_expire_date_a5c62663 ON public.django_session USING btree (expire_date);


--
-- Name: django_session_session_key_c0390e0f_like; Type: INDEX; Schema: public; Owner: ombu
--

CREATE INDEX django_session_session_key_c0390e0f_like ON public.django_session USING btree (session_key varchar_pattern_ops);


--
-- Name: inicio_actividadreciente_usuario_id_52c1ebf0; Type: INDEX; Schema: public; Owner: ombu
--

CREATE INDEX inicio_actividadreciente_usuario_id_52c1ebf0 ON public.inicio_actividadreciente USING btree (usuario_id);


--
-- Name: inicio_pedido_mesa_id_7a109a36; Type: INDEX; Schema: public; Owner: ombu
--

CREATE INDEX inicio_pedido_mesa_id_7a109a36 ON public.inicio_pedido USING btree (mesa_id);


--
-- Name: inicio_pedido_mesero_id_05e86fd3; Type: INDEX; Schema: public; Owner: ombu
--

CREATE INDEX inicio_pedido_mesero_id_05e86fd3 ON public.inicio_pedido USING btree (mesero_id);


--
-- Name: inicio_pedidodetalle_pedido_id_12608984; Type: INDEX; Schema: public; Owner: ombu
--

CREATE INDEX inicio_pedidodetalle_pedido_id_12608984 ON public.inicio_pedidodetalle USING btree (pedido_id);


--
-- Name: inicio_pedidodetalle_producto_id_aef9d249; Type: INDEX; Schema: public; Owner: ombu
--

CREATE INDEX inicio_pedidodetalle_producto_id_aef9d249 ON public.inicio_pedidodetalle USING btree (producto_id);


--
-- Name: inicio_producto_titulo_b720fbf9_like; Type: INDEX; Schema: public; Owner: ombu
--

CREATE INDEX inicio_producto_titulo_b720fbf9_like ON public.inicio_producto USING btree (titulo varchar_pattern_ops);


--
-- Name: inicio_usuario_email_84df0687_like; Type: INDEX; Schema: public; Owner: ombu
--

CREATE INDEX inicio_usuario_email_84df0687_like ON public.inicio_usuario USING btree (email varchar_pattern_ops);


--
-- Name: inicio_usuario_groups_group_id_89de2911; Type: INDEX; Schema: public; Owner: ombu
--

CREATE INDEX inicio_usuario_groups_group_id_89de2911 ON public.inicio_usuario_groups USING btree (group_id);


--
-- Name: inicio_usuario_groups_usuario_id_fd3a0c05; Type: INDEX; Schema: public; Owner: ombu
--

CREATE INDEX inicio_usuario_groups_usuario_id_fd3a0c05 ON public.inicio_usuario_groups USING btree (usuario_id);


--
-- Name: inicio_usuario_user_permissions_permission_id_6de322b4; Type: INDEX; Schema: public; Owner: ombu
--

CREATE INDEX inicio_usuario_user_permissions_permission_id_6de322b4 ON public.inicio_usuario_user_permissions USING btree (permission_id);


--
-- Name: inicio_usuario_user_permissions_usuario_id_c736779e; Type: INDEX; Schema: public; Owner: ombu
--

CREATE INDEX inicio_usuario_user_permissions_usuario_id_c736779e ON public.inicio_usuario_user_permissions USING btree (usuario_id);


--
-- Name: inicio_usuario_username_2623ebe2_like; Type: INDEX; Schema: public; Owner: ombu
--

CREATE INDEX inicio_usuario_username_2623ebe2_like ON public.inicio_usuario USING btree (username varchar_pattern_ops);


--
-- Name: is_active_idx; Type: INDEX; Schema: public; Owner: ombu
--

CREATE INDEX is_active_idx ON public.auth_user USING btree (is_active);


--
-- Name: auth_group_permissions auth_group_permissio_permission_id_84c5c92e_fk_auth_perm; Type: FK CONSTRAINT; Schema: public; Owner: ombu
--

ALTER TABLE ONLY public.auth_group_permissions
    ADD CONSTRAINT auth_group_permissio_permission_id_84c5c92e_fk_auth_perm FOREIGN KEY (permission_id) REFERENCES public.auth_permission(id) DEFERRABLE INITIALLY DEFERRED;


--
-- Name: auth_group_permissions auth_group_permissions_group_id_b120cbf9_fk_auth_group_id; Type: FK CONSTRAINT; Schema: public; Owner: ombu
--

ALTER TABLE ONLY public.auth_group_permissions
    ADD CONSTRAINT auth_group_permissions_group_id_b120cbf9_fk_auth_group_id FOREIGN KEY (group_id) REFERENCES public.auth_group(id) DEFERRABLE INITIALLY DEFERRED;


--
-- Name: auth_permission auth_permission_content_type_id_2f476e4b_fk_django_co; Type: FK CONSTRAINT; Schema: public; Owner: ombu
--

ALTER TABLE ONLY public.auth_permission
    ADD CONSTRAINT auth_permission_content_type_id_2f476e4b_fk_django_co FOREIGN KEY (content_type_id) REFERENCES public.django_content_type(id) DEFERRABLE INITIALLY DEFERRED;


--
-- Name: django_admin_log django_admin_log_content_type_id_c4bce8eb_fk_django_co; Type: FK CONSTRAINT; Schema: public; Owner: ombu
--

ALTER TABLE ONLY public.django_admin_log
    ADD CONSTRAINT django_admin_log_content_type_id_c4bce8eb_fk_django_co FOREIGN KEY (content_type_id) REFERENCES public.django_content_type(id) DEFERRABLE INITIALLY DEFERRED;


--
-- Name: django_admin_log django_admin_log_user_id_c564eba6_fk_inicio_usuario_id; Type: FK CONSTRAINT; Schema: public; Owner: ombu
--

ALTER TABLE ONLY public.django_admin_log
    ADD CONSTRAINT django_admin_log_user_id_c564eba6_fk_inicio_usuario_id FOREIGN KEY (user_id) REFERENCES public.inicio_usuario(id) DEFERRABLE INITIALLY DEFERRED;


--
-- Name: inicio_actividadreciente inicio_actividadreci_usuario_id_52c1ebf0_fk_inicio_us; Type: FK CONSTRAINT; Schema: public; Owner: ombu
--

ALTER TABLE ONLY public.inicio_actividadreciente
    ADD CONSTRAINT inicio_actividadreci_usuario_id_52c1ebf0_fk_inicio_us FOREIGN KEY (usuario_id) REFERENCES public.inicio_usuario(id) DEFERRABLE INITIALLY DEFERRED;


--
-- Name: inicio_pedido inicio_pedido_mesa_id_7a109a36_fk_inicio_mesa_id; Type: FK CONSTRAINT; Schema: public; Owner: ombu
--

ALTER TABLE ONLY public.inicio_pedido
    ADD CONSTRAINT inicio_pedido_mesa_id_7a109a36_fk_inicio_mesa_id FOREIGN KEY (mesa_id) REFERENCES public.inicio_mesa(id) DEFERRABLE INITIALLY DEFERRED;


--
-- Name: inicio_pedido inicio_pedido_mesero_id_05e86fd3_fk_inicio_usuario_id; Type: FK CONSTRAINT; Schema: public; Owner: ombu
--

ALTER TABLE ONLY public.inicio_pedido
    ADD CONSTRAINT inicio_pedido_mesero_id_05e86fd3_fk_inicio_usuario_id FOREIGN KEY (mesero_id) REFERENCES public.inicio_usuario(id) DEFERRABLE INITIALLY DEFERRED;


--
-- Name: inicio_pedidodetalle inicio_pedidodetalle_pedido_id_12608984_fk_inicio_pedido_id; Type: FK CONSTRAINT; Schema: public; Owner: ombu
--

ALTER TABLE ONLY public.inicio_pedidodetalle
    ADD CONSTRAINT inicio_pedidodetalle_pedido_id_12608984_fk_inicio_pedido_id FOREIGN KEY (pedido_id) REFERENCES public.inicio_pedido(id) DEFERRABLE INITIALLY DEFERRED;


--
-- Name: inicio_pedidodetalle inicio_pedidodetalle_producto_id_aef9d249_fk_inicio_producto_id; Type: FK CONSTRAINT; Schema: public; Owner: ombu
--

ALTER TABLE ONLY public.inicio_pedidodetalle
    ADD CONSTRAINT inicio_pedidodetalle_producto_id_aef9d249_fk_inicio_producto_id FOREIGN KEY (producto_id) REFERENCES public.inicio_producto(id) DEFERRABLE INITIALLY DEFERRED;


--
-- Name: inicio_perfil inicio_perfil_user_id_1da5b2cc_fk_inicio_usuario_id; Type: FK CONSTRAINT; Schema: public; Owner: ombu
--

ALTER TABLE ONLY public.inicio_perfil
    ADD CONSTRAINT inicio_perfil_user_id_1da5b2cc_fk_inicio_usuario_id FOREIGN KEY (user_id) REFERENCES public.inicio_usuario(id) DEFERRABLE INITIALLY DEFERRED;


--
-- Name: inicio_usuario_groups inicio_usuario_groups_group_id_89de2911_fk_auth_group_id; Type: FK CONSTRAINT; Schema: public; Owner: ombu
--

ALTER TABLE ONLY public.inicio_usuario_groups
    ADD CONSTRAINT inicio_usuario_groups_group_id_89de2911_fk_auth_group_id FOREIGN KEY (group_id) REFERENCES public.auth_group(id) DEFERRABLE INITIALLY DEFERRED;


--
-- Name: inicio_usuario_groups inicio_usuario_groups_usuario_id_fd3a0c05_fk_inicio_usuario_id; Type: FK CONSTRAINT; Schema: public; Owner: ombu
--

ALTER TABLE ONLY public.inicio_usuario_groups
    ADD CONSTRAINT inicio_usuario_groups_usuario_id_fd3a0c05_fk_inicio_usuario_id FOREIGN KEY (usuario_id) REFERENCES public.inicio_usuario(id) DEFERRABLE INITIALLY DEFERRED;


--
-- Name: inicio_usuario_user_permissions inicio_usuario_user__permission_id_6de322b4_fk_auth_perm; Type: FK CONSTRAINT; Schema: public; Owner: ombu
--

ALTER TABLE ONLY public.inicio_usuario_user_permissions
    ADD CONSTRAINT inicio_usuario_user__permission_id_6de322b4_fk_auth_perm FOREIGN KEY (permission_id) REFERENCES public.auth_permission(id) DEFERRABLE INITIALLY DEFERRED;


--
-- Name: inicio_usuario_user_permissions inicio_usuario_user__usuario_id_c736779e_fk_inicio_us; Type: FK CONSTRAINT; Schema: public; Owner: ombu
--

ALTER TABLE ONLY public.inicio_usuario_user_permissions
    ADD CONSTRAINT inicio_usuario_user__usuario_id_c736779e_fk_inicio_us FOREIGN KEY (usuario_id) REFERENCES public.inicio_usuario(id) DEFERRABLE INITIALLY DEFERRED;


--
-- Name: SCHEMA public; Type: ACL; Schema: -; Owner: ombu
--

REVOKE USAGE ON SCHEMA public FROM PUBLIC;


--
-- PostgreSQL database dump complete
--

