--
-- PostgreSQL database dump
--

-- Dumped from database version 15.12 (Debian 15.12-1.pgdg120+1)
-- Dumped by pg_dump version 15.12 (Debian 15.12-1.pgdg120+1)

SET statement_timeout = 0;
SET lock_timeout = 0;
SET idle_in_transaction_session_timeout = 0;
SET client_encoding = 'UTF8';
SET standard_conforming_strings = on;
SELECT pg_catalog.set_config('search_path', '', false);
SET check_function_bodies = false;
SET xmloption = content;
SET client_min_messages = warning;
SET row_security = off;

SET default_tablespace = '';

SET default_table_access_method = heap;

--
-- Name: auth_group; Type: TABLE; Schema: public; Owner: ombu
--

CREATE TABLE public.auth_group (
    id integer NOT NULL,
    name character varying(150) NOT NULL
);


ALTER TABLE public.auth_group OWNER TO ombu;

--
-- Name: auth_group_id_seq; Type: SEQUENCE; Schema: public; Owner: ombu
--

ALTER TABLE public.auth_group ALTER COLUMN id ADD GENERATED BY DEFAULT AS IDENTITY (
    SEQUENCE NAME public.auth_group_id_seq
    START WITH 1
    INCREMENT BY 1
    NO MINVALUE
    NO MAXVALUE
    CACHE 1
);


--
-- Name: auth_group_permissions; Type: TABLE; Schema: public; Owner: ombu
--

CREATE TABLE public.auth_group_permissions (
    id bigint NOT NULL,
    group_id integer NOT NULL,
    permission_id integer NOT NULL
);


ALTER TABLE public.auth_group_permissions OWNER TO ombu;

--
-- Name: auth_group_permissions_id_seq; Type: SEQUENCE; Schema: public; Owner: ombu
--

ALTER TABLE public.auth_group_permissions ALTER COLUMN id ADD GENERATED BY DEFAULT AS IDENTITY (
    SEQUENCE NAME public.auth_group_permissions_id_seq
    START WITH 1
    INCREMENT BY 1
    NO MINVALUE
    NO MAXVALUE
    CACHE 1
);


--
-- Name: auth_permission; Type: TABLE; Schema: public; Owner: ombu
--

CREATE TABLE public.auth_permission (
    id integer NOT NULL,
    name character varying(255) NOT NULL,
    content_type_id integer NOT NULL,
    codename character varying(100) NOT NULL
);


ALTER TABLE public.auth_permission OWNER TO ombu;

--
-- Name: auth_permission_id_seq; Type: SEQUENCE; Schema: public; Owner: ombu
--

ALTER TABLE public.auth_permission ALTER COLUMN id ADD GENERATED BY DEFAULT AS IDENTITY (
    SEQUENCE NAME public.auth_permission_id_seq
    START WITH 1
    INCREMENT BY 1
    NO MINVALUE
    NO MAXVALUE
    CACHE 1
);


--
-- Name: auth_user; Type: TABLE; Schema: public; Owner: ombu
--

CREATE TABLE public.auth_user (
    id integer NOT NULL,
    password character varying(128) NOT NULL,
    last_login timestamp with time zone,
    is_superuser boolean NOT NULL,
    username character varying(150) NOT NULL,
    first_name character varying(150) NOT NULL,
    last_name character varying(150) NOT NULL,
    email character varying(254) NOT NULL,
    is_staff boolean NOT NULL,
    is_active boolean NOT NULL,
    date_joined timestamp with time zone NOT NULL
);


ALTER TABLE public.auth_user OWNER TO ombu;

--
-- Name: auth_user_groups; Type: TABLE; Schema: public; Owner: ombu
--

CREATE TABLE public.auth_user_groups (
    id bigint NOT NULL,
    user_id integer NOT NULL,
    group_id integer NOT NULL
);


ALTER TABLE public.auth_user_groups OWNER TO ombu;

--
-- Name: auth_user_groups_id_seq; Type: SEQUENCE; Schema: public; Owner: ombu
--

ALTER TABLE public.auth_user_groups ALTER COLUMN id ADD GENERATED BY DEFAULT AS IDENTITY (
    SEQUENCE NAME public.auth_user_groups_id_seq
    START WITH 1
    INCREMENT BY 1
    NO MINVALUE
    NO MAXVALUE
    CACHE 1
);


--
-- Name: auth_user_id_seq; Type: SEQUENCE; Schema: public; Owner: ombu
--

ALTER TABLE public.auth_user ALTER COLUMN id ADD GENERATED BY DEFAULT AS IDENTITY (
    SEQUENCE NAME public.auth_user_id_seq
    START WITH 1
    INCREMENT BY 1
    NO MINVALUE
    NO MAXVALUE
    CACHE 1
);


--
-- Name: auth_user_user_permissions; Type: TABLE; Schema: public; Owner: ombu
--

CREATE TABLE public.auth_user_user_permissions (
    id bigint NOT NULL,
    user_id integer NOT NULL,
    permission_id integer NOT NULL
);


ALTER TABLE public.auth_user_user_permissions OWNER TO ombu;

--
-- Name: auth_user_user_permissions_id_seq; Type: SEQUENCE; Schema: public; Owner: ombu
--

ALTER TABLE public.auth_user_user_permissions ALTER COLUMN id ADD GENERATED BY DEFAULT AS IDENTITY (
    SEQUENCE NAME public.auth_user_user_permissions_id_seq
    START WITH 1
    INCREMENT BY 1
    NO MINVALUE
    NO MAXVALUE
    CACHE 1
);


--
-- Name: django_admin_log; Type: TABLE; Schema: public; Owner: ombu
--

CREATE TABLE public.django_admin_log (
    id integer NOT NULL,
    action_time timestamp with time zone NOT NULL,
    object_id text,
    object_repr character varying(200) NOT NULL,
    action_flag smallint NOT NULL,
    change_message text NOT NULL,
    content_type_id integer,
    user_id integer NOT NULL,
    CONSTRAINT django_admin_log_action_flag_check CHECK ((action_flag >= 0))
);


ALTER TABLE public.django_admin_log OWNER TO ombu;

--
-- Name: django_admin_log_id_seq; Type: SEQUENCE; Schema: public; Owner: ombu
--

ALTER TABLE public.django_admin_log ALTER COLUMN id ADD GENERATED BY DEFAULT AS IDENTITY (
    SEQUENCE NAME public.django_admin_log_id_seq
    START WITH 1
    INCREMENT BY 1
    NO MINVALUE
    NO MAXVALUE
    CACHE 1
);


--
-- Name: django_content_type; Type: TABLE; Schema: public; Owner: ombu
--

CREATE TABLE public.django_content_type (
    id integer NOT NULL,
    app_label character varying(100) NOT NULL,
    model character varying(100) NOT NULL
);


ALTER TABLE public.django_content_type OWNER TO ombu;

--
-- Name: django_content_type_id_seq; Type: SEQUENCE; Schema: public; Owner: ombu
--

ALTER TABLE public.django_content_type ALTER COLUMN id ADD GENERATED BY DEFAULT AS IDENTITY (
    SEQUENCE NAME public.django_content_type_id_seq
    START WITH 1
    INCREMENT BY 1
    NO MINVALUE
    NO MAXVALUE
    CACHE 1
);


--
-- Name: django_migrations; Type: TABLE; Schema: public; Owner: ombu
--

CREATE TABLE public.django_migrations (
    id bigint NOT NULL,
    app character varying(255) NOT NULL,
    name character varying(255) NOT NULL,
    applied timestamp with time zone NOT NULL
);


ALTER TABLE public.django_migrations OWNER TO ombu;

--
-- Name: django_migrations_id_seq; Type: SEQUENCE; Schema: public; Owner: ombu
--

ALTER TABLE public.django_migrations ALTER COLUMN id ADD GENERATED BY DEFAULT AS IDENTITY (
    SEQUENCE NAME public.django_migrations_id_seq
    START WITH 1
    INCREMENT BY 1
    NO MINVALUE
    NO MAXVALUE
    CACHE 1
);


--
-- Name: django_session; Type: TABLE; Schema: public; Owner: ombu
--

CREATE TABLE public.django_session (
    session_key character varying(40) NOT NULL,
    session_data text NOT NULL,
    expire_date timestamp with time zone NOT NULL
);


ALTER TABLE public.django_session OWNER TO ombu;

--
-- Name: inicio_categoria; Type: TABLE; Schema: public; Owner: ombu
--

CREATE TABLE public.inicio_categoria (
    id bigint NOT NULL,
    "nombreCategoria" character varying(45) NOT NULL
);


ALTER TABLE public.inicio_categoria OWNER TO ombu;

--
-- Name: inicio_categoria_id_seq; Type: SEQUENCE; Schema: public; Owner: ombu
--

ALTER TABLE public.inicio_categoria ALTER COLUMN id ADD GENERATED BY DEFAULT AS IDENTITY (
    SEQUENCE NAME public.inicio_categoria_id_seq
    START WITH 1
    INCREMENT BY 1
    NO MINVALUE
    NO MAXVALUE
    CACHE 1
);


--
-- Name: inicio_factura; Type: TABLE; Schema: public; Owner: ombu
--

CREATE TABLE public.inicio_factura (
    id bigint NOT NULL,
    fecha date NOT NULL,
    total numeric(10,2) NOT NULL,
    usuario_id bigint NOT NULL
);


ALTER TABLE public.inicio_factura OWNER TO ombu;

--
-- Name: inicio_factura_id_seq; Type: SEQUENCE; Schema: public; Owner: ombu
--

ALTER TABLE public.inicio_factura ALTER COLUMN id ADD GENERATED BY DEFAULT AS IDENTITY (
    SEQUENCE NAME public.inicio_factura_id_seq
    START WITH 1
    INCREMENT BY 1
    NO MINVALUE
    NO MAXVALUE
    CACHE 1
);


--
-- Name: inicio_producto; Type: TABLE; Schema: public; Owner: ombu
--

CREATE TABLE public.inicio_producto (
    id bigint NOT NULL,
    "nombreProducto" character varying(45) NOT NULL,
    descripcion text,
    precio numeric(10,2) NOT NULL,
    categoria_id bigint NOT NULL
);


ALTER TABLE public.inicio_producto OWNER TO ombu;

--
-- Name: inicio_producto_id_seq; Type: SEQUENCE; Schema: public; Owner: ombu
--

ALTER TABLE public.inicio_producto ALTER COLUMN id ADD GENERATED BY DEFAULT AS IDENTITY (
    SEQUENCE NAME public.inicio_producto_id_seq
    START WITH 1
    INCREMENT BY 1
    NO MINVALUE
    NO MAXVALUE
    CACHE 1
);


--
-- Name: inicio_reserva; Type: TABLE; Schema: public; Owner: ombu
--

CREATE TABLE public.inicio_reserva (
    id bigint NOT NULL,
    fecha date NOT NULL,
    hora time without time zone NOT NULL,
    "cantidadPersonas" integer NOT NULL,
    usuario_id bigint NOT NULL
);


ALTER TABLE public.inicio_reserva OWNER TO ombu;

--
-- Name: inicio_reserva_id_seq; Type: SEQUENCE; Schema: public; Owner: ombu
--

ALTER TABLE public.inicio_reserva ALTER COLUMN id ADD GENERATED BY DEFAULT AS IDENTITY (
    SEQUENCE NAME public.inicio_reserva_id_seq
    START WITH 1
    INCREMENT BY 1
    NO MINVALUE
    NO MAXVALUE
    CACHE 1
);


--
-- Name: inicio_rol; Type: TABLE; Schema: public; Owner: ombu
--

CREATE TABLE public.inicio_rol (
    id bigint NOT NULL,
    "tipoRol" character varying(45) NOT NULL
);


ALTER TABLE public.inicio_rol OWNER TO ombu;

--
-- Name: inicio_rol_id_seq; Type: SEQUENCE; Schema: public; Owner: ombu
--

ALTER TABLE public.inicio_rol ALTER COLUMN id ADD GENERATED BY DEFAULT AS IDENTITY (
    SEQUENCE NAME public.inicio_rol_id_seq
    START WITH 1
    INCREMENT BY 1
    NO MINVALUE
    NO MAXVALUE
    CACHE 1
);


--
-- Name: inicio_usuario; Type: TABLE; Schema: public; Owner: ombu
--

CREATE TABLE public.inicio_usuario (
    id bigint NOT NULL,
    nombre character varying(45) NOT NULL,
    apellido character varying(45) NOT NULL,
    correo character varying(100) NOT NULL,
    contrasena character varying(100) NOT NULL,
    celular character varying(15),
    direccion character varying(100),
    rol_id bigint
);


ALTER TABLE public.inicio_usuario OWNER TO ombu;

--
-- Name: inicio_usuario_id_seq; Type: SEQUENCE; Schema: public; Owner: ombu
--

ALTER TABLE public.inicio_usuario ALTER COLUMN id ADD GENERATED BY DEFAULT AS IDENTITY (
    SEQUENCE NAME public.inicio_usuario_id_seq
    START WITH 1
    INCREMENT BY 1
    NO MINVALUE
    NO MAXVALUE
    CACHE 1
);


--
-- Data for Name: auth_group; Type: TABLE DATA; Schema: public; Owner: ombu
--

COPY public.auth_group (id, name) FROM stdin;
1	mesero
2	ombu
\.


--
-- Data for Name: auth_group_permissions; Type: TABLE DATA; Schema: public; Owner: ombu
--

COPY public.auth_group_permissions (id, group_id, permission_id) FROM stdin;
\.


--
-- Data for Name: auth_permission; Type: TABLE DATA; Schema: public; Owner: ombu
--

COPY public.auth_permission (id, name, content_type_id, codename) FROM stdin;
1	Can add log entry	1	add_logentry
2	Can change log entry	1	change_logentry
3	Can delete log entry	1	delete_logentry
4	Can view log entry	1	view_logentry
5	Can add permission	2	add_permission
6	Can change permission	2	change_permission
7	Can delete permission	2	delete_permission
8	Can view permission	2	view_permission
9	Can add group	3	add_group
10	Can change group	3	change_group
11	Can delete group	3	delete_group
12	Can view group	3	view_group
13	Can add user	4	add_user
14	Can change user	4	change_user
15	Can delete user	4	delete_user
16	Can view user	4	view_user
17	Can add content type	5	add_contenttype
18	Can change content type	5	change_contenttype
19	Can delete content type	5	delete_contenttype
20	Can view content type	5	view_contenttype
21	Can add session	6	add_session
22	Can change session	6	change_session
23	Can delete session	6	delete_session
24	Can view session	6	view_session
25	Can add categoria	7	add_categoria
26	Can change categoria	7	change_categoria
27	Can delete categoria	7	delete_categoria
28	Can view categoria	7	view_categoria
29	Can add rol	8	add_rol
30	Can change rol	8	change_rol
31	Can delete rol	8	delete_rol
32	Can view rol	8	view_rol
33	Can add producto	9	add_producto
34	Can change producto	9	change_producto
35	Can delete producto	9	delete_producto
36	Can view producto	9	view_producto
37	Can add usuario	10	add_usuario
38	Can change usuario	10	change_usuario
39	Can delete usuario	10	delete_usuario
40	Can view usuario	10	view_usuario
41	Can add factura	11	add_factura
42	Can change factura	11	change_factura
43	Can delete factura	11	delete_factura
44	Can view factura	11	view_factura
45	Can add reserva	12	add_reserva
46	Can change reserva	12	change_reserva
47	Can delete reserva	12	delete_reserva
48	Can view reserva	12	view_reserva
\.


--
-- Data for Name: auth_user; Type: TABLE DATA; Schema: public; Owner: ombu
--

COPY public.auth_user (id, password, last_login, is_superuser, username, first_name, last_name, email, is_staff, is_active, date_joined) FROM stdin;
3	pbkdf2_sha256$1000000$a29RMz532WvSLKUbEFQjaN$NXRMa+m0XdevZdmrV8zlbzWv9G1WfXBWSzyG7QLJBSw=	2025-05-06 02:09:05+00	f	administrador				f	t	2025-05-03 13:55:40+00
2	pbkdf2_sha256$1000000$Hg4M3Z7ESNzDyPlN3AE9U7$TyIwWx+Uhc/FOSJybCPrPgVToBw11Sw5R0ZTBxS3RUg=	2025-05-07 15:51:14.968943+00	f	mesero				f	t	2025-05-03 13:54:58+00
1	pbkdf2_sha256$1000000$rvUDyg9ALvEAt5Nk9XHAtB$h3xRkzgq9fI8LjM9uSN1LLwiS9kZosUHL2EE8nMZkIA=	2025-05-07 15:51:26.280833+00	t	ombu			ombu.gastro@gmail.com	t	t	2025-05-03 03:14:54+00
\.


--
-- Data for Name: auth_user_groups; Type: TABLE DATA; Schema: public; Owner: ombu
--

COPY public.auth_user_groups (id, user_id, group_id) FROM stdin;
1	2	1
2	3	2
3	1	2
\.


--
-- Data for Name: auth_user_user_permissions; Type: TABLE DATA; Schema: public; Owner: ombu
--

COPY public.auth_user_user_permissions (id, user_id, permission_id) FROM stdin;
\.


--
-- Data for Name: django_admin_log; Type: TABLE DATA; Schema: public; Owner: ombu
--

COPY public.django_admin_log (id, action_time, object_id, object_repr, action_flag, change_message, content_type_id, user_id) FROM stdin;
1	2025-05-03 13:47:39.755884+00	1	Mesero	1	[{"added": {}}]	3	1
2	2025-05-03 13:48:04.698247+00	2	Administrador	1	[{"added": {}}]	3	1
3	2025-05-03 13:48:16.849531+00	2	Administrador	2	[]	3	1
4	2025-05-03 13:54:59.603725+00	2	mesero	1	[{"added": {}}]	4	1
5	2025-05-03 13:55:41.473762+00	3	Administrador	1	[{"added": {}}]	4	1
6	2025-05-03 13:56:10.957765+00	3	Administrador	2	[]	4	1
7	2025-05-03 13:56:31.017326+00	3	Administrador	2	[]	4	1
8	2025-05-03 13:57:14.411396+00	2	mesero	2	[{"changed": {"fields": ["Groups"]}}]	4	1
9	2025-05-03 13:57:29.865919+00	3	Administrador	2	[{"changed": {"fields": ["Groups"]}}]	4	1
10	2025-05-03 14:00:50.954453+00	3	administrador	2	[{"changed": {"fields": ["Username"]}}]	4	1
11	2025-05-06 01:27:09.7554+00	2	Administrador	2	[]	3	1
12	2025-05-06 01:30:03.732017+00	1	administrador	1	[{"added": {}}]	8	1
13	2025-05-06 01:30:09.51373+00	1	administrador ombu	1	[{"added": {}}]	10	1
14	2025-05-06 01:30:34.477681+00	2	mesero	1	[{"added": {}}]	8	1
15	2025-05-06 01:30:46.94861+00	2	mesero ombu	1	[{"added": {}}]	10	1
16	2025-05-06 01:30:52.838032+00	1	administrador ombu	2	[]	10	1
17	2025-05-06 01:38:38.154226+00	2	mesero ombu	2	[]	10	1
18	2025-05-06 01:39:10.520559+00	2	Administrador	2	[]	3	1
19	2025-05-06 01:40:02.129998+00	3	administrador	2	[]	4	1
20	2025-05-06 01:40:50.146997+00	2	mesero	2	[]	4	1
21	2025-05-06 01:40:56.421276+00	3	administrador	2	[]	4	1
22	2025-05-06 01:41:12.866024+00	1	ombu	2	[]	4	1
23	2025-05-06 02:07:25.75314+00	3	administrador	2	[{"changed": {"fields": ["password"]}}]	4	1
24	2025-05-06 02:07:33.744304+00	3	administrador	2	[]	4	1
25	2025-05-06 02:13:53.898423+00	2	administrador	2	[{"changed": {"fields": ["Name"]}}]	3	1
26	2025-05-06 02:14:01.139329+00	1	mesero	2	[{"changed": {"fields": ["Name"]}}]	3	1
27	2025-05-07 15:04:34.406468+00	2	ombu	2	[{"changed": {"fields": ["Name"]}}]	3	1
28	2025-05-07 15:05:19.50499+00	3	administrador	2	[{"changed": {"fields": ["password"]}}]	4	1
29	2025-05-07 15:05:53.603009+00	3	administrador	2	[]	4	1
30	2025-05-07 15:07:24.407473+00	1	ombu	2	[{"changed": {"fields": ["Groups"]}}]	4	1
31	2025-05-07 15:39:42.009153+00	1	ombu	2	[]	4	1
\.


--
-- Data for Name: django_content_type; Type: TABLE DATA; Schema: public; Owner: ombu
--

COPY public.django_content_type (id, app_label, model) FROM stdin;
1	admin	logentry
2	auth	permission
3	auth	group
4	auth	user
5	contenttypes	contenttype
6	sessions	session
7	inicio	categoria
8	inicio	rol
9	inicio	producto
10	inicio	usuario
11	inicio	factura
12	inicio	reserva
\.


--
-- Data for Name: django_migrations; Type: TABLE DATA; Schema: public; Owner: ombu
--

COPY public.django_migrations (id, app, name, applied) FROM stdin;
1	contenttypes	0001_initial	2025-05-03 03:13:35.842087+00
2	auth	0001_initial	2025-05-03 03:13:35.987172+00
3	admin	0001_initial	2025-05-03 03:13:36.025539+00
4	admin	0002_logentry_remove_auto_add	2025-05-03 03:13:36.03408+00
5	admin	0003_logentry_add_action_flag_choices	2025-05-03 03:13:36.043016+00
6	contenttypes	0002_remove_content_type_name	2025-05-03 03:13:36.062669+00
7	auth	0002_alter_permission_name_max_length	2025-05-03 03:13:36.073674+00
8	auth	0003_alter_user_email_max_length	2025-05-03 03:13:36.084483+00
9	auth	0004_alter_user_username_opts	2025-05-03 03:13:36.093623+00
10	auth	0005_alter_user_last_login_null	2025-05-03 03:13:36.105143+00
11	auth	0006_require_contenttypes_0002	2025-05-03 03:13:36.10865+00
12	auth	0007_alter_validators_add_error_messages	2025-05-03 03:13:36.116799+00
13	auth	0008_alter_user_username_max_length	2025-05-03 03:13:36.133852+00
14	auth	0009_alter_user_last_name_max_length	2025-05-03 03:13:36.143273+00
15	auth	0010_alter_group_name_max_length	2025-05-03 03:13:36.153564+00
16	auth	0011_update_proxy_permissions	2025-05-03 03:13:36.161998+00
17	auth	0012_alter_user_first_name_max_length	2025-05-03 03:13:36.173473+00
18	inicio	0001_initial	2025-05-03 03:13:36.243979+00
19	inicio	0002_factura_reserva	2025-05-03 03:13:36.282555+00
20	sessions	0001_initial	2025-05-03 03:13:36.312127+00
\.


--
-- Data for Name: django_session; Type: TABLE DATA; Schema: public; Owner: ombu
--

COPY public.django_session (session_key, session_data, expire_date) FROM stdin;
eu0pqhltbzsyjwwa2dqzb63rtjv7daak	.eJxVjDsOwjAQBe_iGlkbOxCbkj5nsJ69axJAtpRPhbg7iZQC2jcz760C1mUI6yxTGFldlVGn3y0iPaXsgB8o96pTLcs0Rr0r-qCz7ivL63a4fwcD5mGr6QxY61rXUZMcTPISm0SxoQ7MlLOBtAxJBAHZ7IzPhMtmeBeN69TnC_S9OJ0:1uCgQ0:AKy_qUP5VncnCsuAauW9MdLAYzy3WAIDGGeFP8zKHPg	2025-05-21 15:10:44.566588+00
\.


--
-- Data for Name: inicio_categoria; Type: TABLE DATA; Schema: public; Owner: ombu
--

COPY public.inicio_categoria (id, "nombreCategoria") FROM stdin;
\.


--
-- Data for Name: inicio_factura; Type: TABLE DATA; Schema: public; Owner: ombu
--

COPY public.inicio_factura (id, fecha, total, usuario_id) FROM stdin;
\.


--
-- Data for Name: inicio_producto; Type: TABLE DATA; Schema: public; Owner: ombu
--

COPY public.inicio_producto (id, "nombreProducto", descripcion, precio, categoria_id) FROM stdin;
\.


--
-- Data for Name: inicio_reserva; Type: TABLE DATA; Schema: public; Owner: ombu
--

COPY public.inicio_reserva (id, fecha, hora, "cantidadPersonas", usuario_id) FROM stdin;
\.


--
-- Data for Name: inicio_rol; Type: TABLE DATA; Schema: public; Owner: ombu
--

COPY public.inicio_rol (id, "tipoRol") FROM stdin;
1	administrador
2	mesero
\.


--
-- Data for Name: inicio_usuario; Type: TABLE DATA; Schema: public; Owner: ombu
--

COPY public.inicio_usuario (id, nombre, apellido, correo, contrasena, celular, direccion, rol_id) FROM stdin;
1	administrador	ombu	gastroombu@gmail.com	admin123	\N	\N	1
2	mesero	ombu	gastroombumesero@gmail.com	mesero123	\N	\N	2
\.


--
-- Name: auth_group_id_seq; Type: SEQUENCE SET; Schema: public; Owner: ombu
--

SELECT pg_catalog.setval('public.auth_group_id_seq', 2, true);


--
-- Name: auth_group_permissions_id_seq; Type: SEQUENCE SET; Schema: public; Owner: ombu
--

SELECT pg_catalog.setval('public.auth_group_permissions_id_seq', 1, false);


--
-- Name: auth_permission_id_seq; Type: SEQUENCE SET; Schema: public; Owner: ombu
--

SELECT pg_catalog.setval('public.auth_permission_id_seq', 48, true);


--
-- Name: auth_user_groups_id_seq; Type: SEQUENCE SET; Schema: public; Owner: ombu
--

SELECT pg_catalog.setval('public.auth_user_groups_id_seq', 3, true);


--
-- Name: auth_user_id_seq; Type: SEQUENCE SET; Schema: public; Owner: ombu
--

SELECT pg_catalog.setval('public.auth_user_id_seq', 3, true);


--
-- Name: auth_user_user_permissions_id_seq; Type: SEQUENCE SET; Schema: public; Owner: ombu
--

SELECT pg_catalog.setval('public.auth_user_user_permissions_id_seq', 1, false);


--
-- Name: django_admin_log_id_seq; Type: SEQUENCE SET; Schema: public; Owner: ombu
--

SELECT pg_catalog.setval('public.django_admin_log_id_seq', 31, true);


--
-- Name: django_content_type_id_seq; Type: SEQUENCE SET; Schema: public; Owner: ombu
--

SELECT pg_catalog.setval('public.django_content_type_id_seq', 12, true);


--
-- Name: django_migrations_id_seq; Type: SEQUENCE SET; Schema: public; Owner: ombu
--

SELECT pg_catalog.setval('public.django_migrations_id_seq', 20, true);


--
-- Name: inicio_categoria_id_seq; Type: SEQUENCE SET; Schema: public; Owner: ombu
--

SELECT pg_catalog.setval('public.inicio_categoria_id_seq', 1, false);


--
-- Name: inicio_factura_id_seq; Type: SEQUENCE SET; Schema: public; Owner: ombu
--

SELECT pg_catalog.setval('public.inicio_factura_id_seq', 1, false);


--
-- Name: inicio_producto_id_seq; Type: SEQUENCE SET; Schema: public; Owner: ombu
--

SELECT pg_catalog.setval('public.inicio_producto_id_seq', 1, false);


--
-- Name: inicio_reserva_id_seq; Type: SEQUENCE SET; Schema: public; Owner: ombu
--

SELECT pg_catalog.setval('public.inicio_reserva_id_seq', 1, false);


--
-- Name: inicio_rol_id_seq; Type: SEQUENCE SET; Schema: public; Owner: ombu
--

SELECT pg_catalog.setval('public.inicio_rol_id_seq', 2, true);


--
-- Name: inicio_usuario_id_seq; Type: SEQUENCE SET; Schema: public; Owner: ombu
--

SELECT pg_catalog.setval('public.inicio_usuario_id_seq', 2, true);


--
-- Name: auth_group auth_group_name_key; Type: CONSTRAINT; Schema: public; Owner: ombu
--

ALTER TABLE ONLY public.auth_group
    ADD CONSTRAINT auth_group_name_key UNIQUE (name);


--
-- Name: auth_group_permissions auth_group_permissions_group_id_permission_id_0cd325b0_uniq; Type: CONSTRAINT; Schema: public; Owner: ombu
--

ALTER TABLE ONLY public.auth_group_permissions
    ADD CONSTRAINT auth_group_permissions_group_id_permission_id_0cd325b0_uniq UNIQUE (group_id, permission_id);


--
-- Name: auth_group_permissions auth_group_permissions_pkey; Type: CONSTRAINT; Schema: public; Owner: ombu
--

ALTER TABLE ONLY public.auth_group_permissions
    ADD CONSTRAINT auth_group_permissions_pkey PRIMARY KEY (id);


--
-- Name: auth_group auth_group_pkey; Type: CONSTRAINT; Schema: public; Owner: ombu
--

ALTER TABLE ONLY public.auth_group
    ADD CONSTRAINT auth_group_pkey PRIMARY KEY (id);


--
-- Name: auth_permission auth_permission_content_type_id_codename_01ab375a_uniq; Type: CONSTRAINT; Schema: public; Owner: ombu
--

ALTER TABLE ONLY public.auth_permission
    ADD CONSTRAINT auth_permission_content_type_id_codename_01ab375a_uniq UNIQUE (content_type_id, codename);


--
-- Name: auth_permission auth_permission_pkey; Type: CONSTRAINT; Schema: public; Owner: ombu
--

ALTER TABLE ONLY public.auth_permission
    ADD CONSTRAINT auth_permission_pkey PRIMARY KEY (id);


--
-- Name: auth_user_groups auth_user_groups_pkey; Type: CONSTRAINT; Schema: public; Owner: ombu
--

ALTER TABLE ONLY public.auth_user_groups
    ADD CONSTRAINT auth_user_groups_pkey PRIMARY KEY (id);


--
-- Name: auth_user_groups auth_user_groups_user_id_group_id_94350c0c_uniq; Type: CONSTRAINT; Schema: public; Owner: ombu
--

ALTER TABLE ONLY public.auth_user_groups
    ADD CONSTRAINT auth_user_groups_user_id_group_id_94350c0c_uniq UNIQUE (user_id, group_id);


--
-- Name: auth_user auth_user_pkey; Type: CONSTRAINT; Schema: public; Owner: ombu
--

ALTER TABLE ONLY public.auth_user
    ADD CONSTRAINT auth_user_pkey PRIMARY KEY (id);


--
-- Name: auth_user_user_permissions auth_user_user_permissions_pkey; Type: CONSTRAINT; Schema: public; Owner: ombu
--

ALTER TABLE ONLY public.auth_user_user_permissions
    ADD CONSTRAINT auth_user_user_permissions_pkey PRIMARY KEY (id);


--
-- Name: auth_user_user_permissions auth_user_user_permissions_user_id_permission_id_14a6b632_uniq; Type: CONSTRAINT; Schema: public; Owner: ombu
--

ALTER TABLE ONLY public.auth_user_user_permissions
    ADD CONSTRAINT auth_user_user_permissions_user_id_permission_id_14a6b632_uniq UNIQUE (user_id, permission_id);


--
-- Name: auth_user auth_user_username_key; Type: CONSTRAINT; Schema: public; Owner: ombu
--

ALTER TABLE ONLY public.auth_user
    ADD CONSTRAINT auth_user_username_key UNIQUE (username);


--
-- Name: django_admin_log django_admin_log_pkey; Type: CONSTRAINT; Schema: public; Owner: ombu
--

ALTER TABLE ONLY public.django_admin_log
    ADD CONSTRAINT django_admin_log_pkey PRIMARY KEY (id);


--
-- Name: django_content_type django_content_type_app_label_model_76bd3d3b_uniq; Type: CONSTRAINT; Schema: public; Owner: ombu
--

ALTER TABLE ONLY public.django_content_type
    ADD CONSTRAINT django_content_type_app_label_model_76bd3d3b_uniq UNIQUE (app_label, model);


--
-- Name: django_content_type django_content_type_pkey; Type: CONSTRAINT; Schema: public; Owner: ombu
--

ALTER TABLE ONLY public.django_content_type
    ADD CONSTRAINT django_content_type_pkey PRIMARY KEY (id);


--
-- Name: django_migrations django_migrations_pkey; Type: CONSTRAINT; Schema: public; Owner: ombu
--

ALTER TABLE ONLY public.django_migrations
    ADD CONSTRAINT django_migrations_pkey PRIMARY KEY (id);


--
-- Name: django_session django_session_pkey; Type: CONSTRAINT; Schema: public; Owner: ombu
--

ALTER TABLE ONLY public.django_session
    ADD CONSTRAINT django_session_pkey PRIMARY KEY (session_key);


--
-- Name: inicio_categoria inicio_categoria_pkey; Type: CONSTRAINT; Schema: public; Owner: ombu
--

ALTER TABLE ONLY public.inicio_categoria
    ADD CONSTRAINT inicio_categoria_pkey PRIMARY KEY (id);


--
-- Name: inicio_factura inicio_factura_pkey; Type: CONSTRAINT; Schema: public; Owner: ombu
--

ALTER TABLE ONLY public.inicio_factura
    ADD CONSTRAINT inicio_factura_pkey PRIMARY KEY (id);


--
-- Name: inicio_producto inicio_producto_pkey; Type: CONSTRAINT; Schema: public; Owner: ombu
--

ALTER TABLE ONLY public.inicio_producto
    ADD CONSTRAINT inicio_producto_pkey PRIMARY KEY (id);


--
-- Name: inicio_reserva inicio_reserva_pkey; Type: CONSTRAINT; Schema: public; Owner: ombu
--

ALTER TABLE ONLY public.inicio_reserva
    ADD CONSTRAINT inicio_reserva_pkey PRIMARY KEY (id);


--
-- Name: inicio_rol inicio_rol_pkey; Type: CONSTRAINT; Schema: public; Owner: ombu
--

ALTER TABLE ONLY public.inicio_rol
    ADD CONSTRAINT inicio_rol_pkey PRIMARY KEY (id);


--
-- Name: inicio_usuario inicio_usuario_correo_key; Type: CONSTRAINT; Schema: public; Owner: ombu
--

ALTER TABLE ONLY public.inicio_usuario
    ADD CONSTRAINT inicio_usuario_correo_key UNIQUE (correo);


--
-- Name: inicio_usuario inicio_usuario_pkey; Type: CONSTRAINT; Schema: public; Owner: ombu
--

ALTER TABLE ONLY public.inicio_usuario
    ADD CONSTRAINT inicio_usuario_pkey PRIMARY KEY (id);


--
-- Name: auth_group_name_a6ea08ec_like; Type: INDEX; Schema: public; Owner: ombu
--

CREATE INDEX auth_group_name_a6ea08ec_like ON public.auth_group USING btree (name varchar_pattern_ops);


--
-- Name: auth_group_permissions_group_id_b120cbf9; Type: INDEX; Schema: public; Owner: ombu
--

CREATE INDEX auth_group_permissions_group_id_b120cbf9 ON public.auth_group_permissions USING btree (group_id);


--
-- Name: auth_group_permissions_permission_id_84c5c92e; Type: INDEX; Schema: public; Owner: ombu
--

CREATE INDEX auth_group_permissions_permission_id_84c5c92e ON public.auth_group_permissions USING btree (permission_id);


--
-- Name: auth_permission_content_type_id_2f476e4b; Type: INDEX; Schema: public; Owner: ombu
--

CREATE INDEX auth_permission_content_type_id_2f476e4b ON public.auth_permission USING btree (content_type_id);


--
-- Name: auth_user_groups_group_id_97559544; Type: INDEX; Schema: public; Owner: ombu
--

CREATE INDEX auth_user_groups_group_id_97559544 ON public.auth_user_groups USING btree (group_id);


--
-- Name: auth_user_groups_user_id_6a12ed8b; Type: INDEX; Schema: public; Owner: ombu
--

CREATE INDEX auth_user_groups_user_id_6a12ed8b ON public.auth_user_groups USING btree (user_id);


--
-- Name: auth_user_user_permissions_permission_id_1fbb5f2c; Type: INDEX; Schema: public; Owner: ombu
--

CREATE INDEX auth_user_user_permissions_permission_id_1fbb5f2c ON public.auth_user_user_permissions USING btree (permission_id);


--
-- Name: auth_user_user_permissions_user_id_a95ead1b; Type: INDEX; Schema: public; Owner: ombu
--

CREATE INDEX auth_user_user_permissions_user_id_a95ead1b ON public.auth_user_user_permissions USING btree (user_id);


--
-- Name: auth_user_username_6821ab7c_like; Type: INDEX; Schema: public; Owner: ombu
--

CREATE INDEX auth_user_username_6821ab7c_like ON public.auth_user USING btree (username varchar_pattern_ops);


--
-- Name: django_admin_log_content_type_id_c4bce8eb; Type: INDEX; Schema: public; Owner: ombu
--

CREATE INDEX django_admin_log_content_type_id_c4bce8eb ON public.django_admin_log USING btree (content_type_id);


--
-- Name: django_admin_log_user_id_c564eba6; Type: INDEX; Schema: public; Owner: ombu
--

CREATE INDEX django_admin_log_user_id_c564eba6 ON public.django_admin_log USING btree (user_id);


--
-- Name: django_session_expire_date_a5c62663; Type: INDEX; Schema: public; Owner: ombu
--

CREATE INDEX django_session_expire_date_a5c62663 ON public.django_session USING btree (expire_date);


--
-- Name: django_session_session_key_c0390e0f_like; Type: INDEX; Schema: public; Owner: ombu
--

CREATE INDEX django_session_session_key_c0390e0f_like ON public.django_session USING btree (session_key varchar_pattern_ops);


--
-- Name: inicio_factura_usuario_id_f825e442; Type: INDEX; Schema: public; Owner: ombu
--

CREATE INDEX inicio_factura_usuario_id_f825e442 ON public.inicio_factura USING btree (usuario_id);


--
-- Name: inicio_producto_categoria_id_dd512906; Type: INDEX; Schema: public; Owner: ombu
--

CREATE INDEX inicio_producto_categoria_id_dd512906 ON public.inicio_producto USING btree (categoria_id);


--
-- Name: inicio_reserva_usuario_id_660879c6; Type: INDEX; Schema: public; Owner: ombu
--

CREATE INDEX inicio_reserva_usuario_id_660879c6 ON public.inicio_reserva USING btree (usuario_id);


--
-- Name: inicio_usuario_correo_6f5a9021_like; Type: INDEX; Schema: public; Owner: ombu
--

CREATE INDEX inicio_usuario_correo_6f5a9021_like ON public.inicio_usuario USING btree (correo varchar_pattern_ops);


--
-- Name: inicio_usuario_rol_id_0b086b96; Type: INDEX; Schema: public; Owner: ombu
--

CREATE INDEX inicio_usuario_rol_id_0b086b96 ON public.inicio_usuario USING btree (rol_id);


--
-- Name: auth_group_permissions auth_group_permissio_permission_id_84c5c92e_fk_auth_perm; Type: FK CONSTRAINT; Schema: public; Owner: ombu
--

ALTER TABLE ONLY public.auth_group_permissions
    ADD CONSTRAINT auth_group_permissio_permission_id_84c5c92e_fk_auth_perm FOREIGN KEY (permission_id) REFERENCES public.auth_permission(id) DEFERRABLE INITIALLY DEFERRED;


--
-- Name: auth_group_permissions auth_group_permissions_group_id_b120cbf9_fk_auth_group_id; Type: FK CONSTRAINT; Schema: public; Owner: ombu
--

ALTER TABLE ONLY public.auth_group_permissions
    ADD CONSTRAINT auth_group_permissions_group_id_b120cbf9_fk_auth_group_id FOREIGN KEY (group_id) REFERENCES public.auth_group(id) DEFERRABLE INITIALLY DEFERRED;


--
-- Name: auth_permission auth_permission_content_type_id_2f476e4b_fk_django_co; Type: FK CONSTRAINT; Schema: public; Owner: ombu
--

ALTER TABLE ONLY public.auth_permission
    ADD CONSTRAINT auth_permission_content_type_id_2f476e4b_fk_django_co FOREIGN KEY (content_type_id) REFERENCES public.django_content_type(id) DEFERRABLE INITIALLY DEFERRED;


--
-- Name: auth_user_groups auth_user_groups_group_id_97559544_fk_auth_group_id; Type: FK CONSTRAINT; Schema: public; Owner: ombu
--

ALTER TABLE ONLY public.auth_user_groups
    ADD CONSTRAINT auth_user_groups_group_id_97559544_fk_auth_group_id FOREIGN KEY (group_id) REFERENCES public.auth_group(id) DEFERRABLE INITIALLY DEFERRED;


--
-- Name: auth_user_groups auth_user_groups_user_id_6a12ed8b_fk_auth_user_id; Type: FK CONSTRAINT; Schema: public; Owner: ombu
--

ALTER TABLE ONLY public.auth_user_groups
    ADD CONSTRAINT auth_user_groups_user_id_6a12ed8b_fk_auth_user_id FOREIGN KEY (user_id) REFERENCES public.auth_user(id) DEFERRABLE INITIALLY DEFERRED;


--
-- Name: auth_user_user_permissions auth_user_user_permi_permission_id_1fbb5f2c_fk_auth_perm; Type: FK CONSTRAINT; Schema: public; Owner: ombu
--

ALTER TABLE ONLY public.auth_user_user_permissions
    ADD CONSTRAINT auth_user_user_permi_permission_id_1fbb5f2c_fk_auth_perm FOREIGN KEY (permission_id) REFERENCES public.auth_permission(id) DEFERRABLE INITIALLY DEFERRED;


--
-- Name: auth_user_user_permissions auth_user_user_permissions_user_id_a95ead1b_fk_auth_user_id; Type: FK CONSTRAINT; Schema: public; Owner: ombu
--

ALTER TABLE ONLY public.auth_user_user_permissions
    ADD CONSTRAINT auth_user_user_permissions_user_id_a95ead1b_fk_auth_user_id FOREIGN KEY (user_id) REFERENCES public.auth_user(id) DEFERRABLE INITIALLY DEFERRED;


--
-- Name: django_admin_log django_admin_log_content_type_id_c4bce8eb_fk_django_co; Type: FK CONSTRAINT; Schema: public; Owner: ombu
--

ALTER TABLE ONLY public.django_admin_log
    ADD CONSTRAINT django_admin_log_content_type_id_c4bce8eb_fk_django_co FOREIGN KEY (content_type_id) REFERENCES public.django_content_type(id) DEFERRABLE INITIALLY DEFERRED;


--
-- Name: django_admin_log django_admin_log_user_id_c564eba6_fk_auth_user_id; Type: FK CONSTRAINT; Schema: public; Owner: ombu
--

ALTER TABLE ONLY public.django_admin_log
    ADD CONSTRAINT django_admin_log_user_id_c564eba6_fk_auth_user_id FOREIGN KEY (user_id) REFERENCES public.auth_user(id) DEFERRABLE INITIALLY DEFERRED;


--
-- Name: inicio_factura inicio_factura_usuario_id_f825e442_fk_inicio_usuario_id; Type: FK CONSTRAINT; Schema: public; Owner: ombu
--

ALTER TABLE ONLY public.inicio_factura
    ADD CONSTRAINT inicio_factura_usuario_id_f825e442_fk_inicio_usuario_id FOREIGN KEY (usuario_id) REFERENCES public.inicio_usuario(id) DEFERRABLE INITIALLY DEFERRED;


--
-- Name: inicio_producto inicio_producto_categoria_id_dd512906_fk_inicio_categoria_id; Type: FK CONSTRAINT; Schema: public; Owner: ombu
--

ALTER TABLE ONLY public.inicio_producto
    ADD CONSTRAINT inicio_producto_categoria_id_dd512906_fk_inicio_categoria_id FOREIGN KEY (categoria_id) REFERENCES public.inicio_categoria(id) DEFERRABLE INITIALLY DEFERRED;


--
-- Name: inicio_reserva inicio_reserva_usuario_id_660879c6_fk_inicio_usuario_id; Type: FK CONSTRAINT; Schema: public; Owner: ombu
--

ALTER TABLE ONLY public.inicio_reserva
    ADD CONSTRAINT inicio_reserva_usuario_id_660879c6_fk_inicio_usuario_id FOREIGN KEY (usuario_id) REFERENCES public.inicio_usuario(id) DEFERRABLE INITIALLY DEFERRED;


--
-- Name: inicio_usuario inicio_usuario_rol_id_0b086b96_fk_inicio_rol_id; Type: FK CONSTRAINT; Schema: public; Owner: ombu
--

ALTER TABLE ONLY public.inicio_usuario
    ADD CONSTRAINT inicio_usuario_rol_id_0b086b96_fk_inicio_rol_id FOREIGN KEY (rol_id) REFERENCES public.inicio_rol(id) DEFERRABLE INITIALLY DEFERRED;


--
-- PostgreSQL database dump complete
--